timestamp,machine_id,machine_speed_kmh,machine_state,cabin_rotation_deg
2026-06-26T10:00:02.000Z,EXCAVATOR-CAT320-05,4.5,REVERSING,0
2026-06-26T10:00:04.000Z,EXCAVATOR-CAT320-05,4.5,REVERSING,0
2026-06-26T10:00:06.000Z,EXCAVATOR-CAT320-05,4.5,REVERSING,0
2026-06-26T10:00:08.000Z,EXCAVATOR-CAT320-05,4.4,REVERSING,0
2026-06-26T10:00:10.000Z,EXCAVATOR-CAT320-05,4.5,REVERSING,0
2026-06-26T10:00:12.000Z,EXCAVATOR-CAT320-05,4.5,REVERSING,0
2026-06-26T10:00:14.000Z,EXCAVATOR-CAT320-05,4.4,REVERSING,0
2026-06-26T10:00:16.000Z,EXCAVATOR-CAT320-05,4.3,REVERSING,0
2026-06-26T10:00:18.000Z,EXCAVATOR-CAT320-05,4.4,REVERSING,0
2026-06-26T10:00:20.000Z,EXCAVATOR-CAT320-05,4.5,REVERSING,0
2026-06-26T10:00:22.000Z,EXCAVATOR-CAT320-05,4.5,REVERSING,0
2026-06-26T10:00:24.000Z,EXCAVATOR-CAT320-05,4.3,REVERSING,0
2026-06-26T10:00:26.000Z,EXCAVATOR-CAT320-05,4.3,REVERSING,0
2026-06-26T10:00:28.000Z,EXCAVATOR-CAT320-05,4.2,REVERSING,0
2026-06-26T10:00:30.000Z,EXCAVATOR-CAT320-05,4.2,REVERSING,0
2026-06-26T10:00:32.000Z,EXCAVATOR-CAT320-05,4.2,REVERSING,0
2026-06-26T10:00:34.000Z,EXCAVATOR-CAT320-05,4.4,REVERSING,0
2026-06-26T10:00:36.000Z,EXCAVATOR-CAT320-05,4.4,REVERSING,0
2026-06-26T10:00:38.000Z,EXCAVATOR-CAT320-05,4.3,REVERSING,0
2026-06-26T10:00:40.000Z,EXCAVATOR-CAT320-05,4.4,REVERSING,0
2026-06-26T10:00:42.000Z,EXCAVATOR-CAT320-05,4.4,REVERSING,0
2026-06-26T10:00:44.000Z,EXCAVATOR-CAT320-05,4.4,REVERSING,0
2026-06-26T10:00:46.000Z,EXCAVATOR-CAT320-05,4.4,REVERSING,0
2026-06-26T10:00:48.000Z,EXCAVATOR-CAT320-05,4.4,REVERSING,0
2026-06-26T10:00:50.000Z,EXCAVATOR-CAT320-05,4.4,REVERSING,0
2026-06-26T10:00:52.000Z,EXCAVATOR-CAT320-05,4.2,REVERSING,0
2026-06-26T10:00:54.000Z,EXCAVATOR-CAT320-05,4.1,REVERSING,0
2026-06-26T10:00:56.000Z,EXCAVATOR-CAT320-05,4.1,REVERSING,0
2026-06-26T10:00:58.000Z,EXCAVATOR-CAT320-05,4.1,REVERSING,0
2026-06-26T10:01:00.000Z,EXCAVATOR-CAT320-05,4.2,REVERSING,0
2026-06-26T10:01:02.000Z,EXCAVATOR-CAT320-05,4.3,REVERSING,0
2026-06-26T10:01:04.000Z,EXCAVATOR-CAT320-05,4.5,REVERSING,0
2026-06-26T10:01:06.000Z,EXCAVATOR-CAT320-05,4.5,REVERSING,0
2026-06-26T10:01:08.000Z,EXCAVATOR-CAT320-05,3.5,REVERSING,0
2026-06-26T10:01:10.000Z,EXCAVATOR-CAT320-05,3.5,REVERSING,0
2026-06-26T10:01:12.000Z,EXCAVATOR-CAT320-05,3.5,REVERSING,0
2026-06-26T10:01:14.000Z,EXCAVATOR-CAT320-05,3.4,REVERSING,0
2026-06-26T10:01:16.000Z,EXCAVATOR-CAT320-05,3.3,REVERSING,0
2026-06-26T10:01:18.000Z,EXCAVATOR-CAT320-05,3.4,REVERSING,0
2026-06-26T10:01:20.000Z,EXCAVATOR-CAT320-05,3.5,REVERSING,0
2026-06-26T10:01:22.000Z,EXCAVATOR-CAT320-05,3.5,REVERSING,0
2026-06-26T10:01:24.000Z,EXCAVATOR-CAT320-05,3.5,REVERSING,0
2026-06-26T10:01:26.000Z,EXCAVATOR-CAT320-05,3.4,REVERSING,0
2026-06-26T10:01:28.000Z,EXCAVATOR-CAT320-05,3.5,REVERSING,0
2026-06-26T10:01:30.000Z,EXCAVATOR-CAT320-05,3.5,REVERSING,0
2026-06-26T10:01:32.000Z,EXCAVATOR-CAT320-05,3.5,REVERSING,0
2026-06-26T10:01:34.000Z,EXCAVATOR-CAT320-05,3.5,REVERSING,0
2026-06-26T10:01:36.000Z,EXCAVATOR-CAT320-05,0.0,EMERGENCY_STOP,0
2026-06-26T10:01:38.000Z,EXCAVATOR-CAT320-05,0.0,EMERGENCY_STOP,0
2026-06-26T10:01:40.000Z,EXCAVATOR-CAT320-05,0.0,EMERGENCY_STOP,0
2026-06-26T10:01:42.000Z,EXCAVATOR-CAT320-05,0.0,EMERGENCY_STOP,0
2026-06-26T10:01:44.000Z,EXCAVATOR-CAT320-05,0.0,EMERGENCY_STOP,0
2026-06-26T10:01:46.000Z,EXCAVATOR-CAT320-05,0.0,EMERGENCY_STOP,0
2026-06-26T10:01:48.000Z,EXCAVATOR-CAT320-05,0.0,EMERGENCY_STOP,0
2026-06-26T10:01:50.000Z,EXCAVATOR-CAT320-05,0.0,EMERGENCY_STOP,0
2026-06-26T10:01:52.000Z,EXCAVATOR-CAT320-05,0.0,EMERGENCY_STOP,0
2026-06-26T10:01:54.000Z,EXCAVATOR-CAT320-05,0.4,FORWARD,0
2026-06-26T10:01:56.000Z,EXCAVATOR-CAT320-05,0.8,FORWARD,0
2026-06-26T10:01:58.000Z,EXCAVATOR-CAT320-05,1.2,FORWARD,0
2026-06-26T10:02:00.000Z,EXCAVATOR-CAT320-05,1.6,FORWARD,0
2026-06-26T10:02:02.000Z,EXCAVATOR-CAT320-05,2.0,FORWARD,0
2026-06-26T10:02:04.000Z,EXCAVATOR-CAT320-05,2.4,FORWARD,0
2026-06-26T10:02:06.000Z,EXCAVATOR-CAT320-05,2.8,FORWARD,0
2026-06-26T10:02:08.000Z,EXCAVATOR-CAT320-05,3.0,FORWARD,0
2026-06-26T10:02:10.000Z,EXCAVATOR-CAT320-05,3.0,FORWARD,0
2026-06-26T10:02:12.000Z,EXCAVATOR-CAT320-05,3.3,SWINGING,-14
2026-06-26T10:02:14.000Z,EXCAVATOR-CAT320-05,3.0,FORWARD,-4
2026-06-26T10:02:16.000Z,EXCAVATOR-CAT320-05,2.9,SWINGING,1
2026-06-26T10:02:18.000Z,EXCAVATOR-CAT320-05,3.1,FORWARD,14
2026-06-26T10:02:20.000Z,EXCAVATOR-CAT320-05,3.2,DIGGING,-1
2026-06-26T10:02:22.000Z,EXCAVATOR-CAT320-05,3.3,FORWARD,0
2026-06-26T10:02:24.000Z,EXCAVATOR-CAT320-05,3.2,SWINGING,4
2026-06-26T10:02:26.000Z,EXCAVATOR-CAT320-05,3.1,DIGGING,10
2026-06-26T10:02:28.000Z,EXCAVATOR-CAT320-05,2.9,SWINGING,-4
2026-06-26T10:02:30.000Z,EXCAVATOR-CAT320-05,2.8,FORWARD,-7
2026-06-26T10:02:32.000Z,EXCAVATOR-CAT320-05,2.9,SWINGING,2
2026-06-26T10:02:34.000Z,EXCAVATOR-CAT320-05,3.1,SWINGING,-8
2026-06-26T10:02:36.000Z,EXCAVATOR-CAT320-05,3.3,DIGGING,-15
2026-06-26T10:02:38.000Z,EXCAVATOR-CAT320-05,3.1,DIGGING,-3
2026-06-26T10:02:40.000Z,EXCAVATOR-CAT320-05,2.9,DIGGING,12
2026-06-26T10:02:42.000Z,EXCAVATOR-CAT320-05,3.1,FORWARD,11
2026-06-26T10:02:44.000Z,EXCAVATOR-CAT320-05,2.8,FORWARD,2
2026-06-26T10:02:46.000Z,EXCAVATOR-CAT320-05,2.6,DIGGING,-5
2026-06-26T10:02:48.000Z,EXCAVATOR-CAT320-05,2.5,SWINGING,-20
2026-06-26T10:02:50.000Z,EXCAVATOR-CAT320-05,2.5,DIGGING,-25
2026-06-26T10:02:52.000Z,EXCAVATOR-CAT320-05,2.7,FORWARD,-29
2026-06-26T10:02:54.000Z,EXCAVATOR-CAT320-05,3.0,FORWARD,-16
2026-06-26T10:02:56.000Z,EXCAVATOR-CAT320-05,2.8,FORWARD,-11
2026-06-26T10:02:58.000Z,EXCAVATOR-CAT320-05,2.9,DIGGING,-25
2026-06-26T10:03:00.000Z,EXCAVATOR-CAT320-05,3.0,SWINGING,-31
2026-06-26T10:03:02.000Z,EXCAVATOR-CAT320-05,3.1,DIGGING,-19
2026-06-26T10:03:04.000Z,EXCAVATOR-CAT320-05,3.1,DIGGING,-16
2026-06-26T10:03:06.000Z,EXCAVATOR-CAT320-05,3.1,SWINGING,-5
2026-06-26T10:03:08.000Z,EXCAVATOR-CAT320-05,2.9,DIGGING,3
2026-06-26T10:03:10.000Z,EXCAVATOR-CAT320-05,3.1,DIGGING,-4
2026-06-26T10:03:12.000Z,EXCAVATOR-CAT320-05,2.8,FORWARD,-16
2026-06-26T10:03:14.000Z,EXCAVATOR-CAT320-05,2.6,SWINGING,-11
2026-06-26T10:03:16.000Z,EXCAVATOR-CAT320-05,2.8,SWINGING,0
2026-06-26T10:03:18.000Z,EXCAVATOR-CAT320-05,3.1,SWINGING,-8
2026-06-26T10:03:20.000Z,EXCAVATOR-CAT320-05,3.4,SWINGING,-14
2026-06-26T10:03:22.000Z,EXCAVATOR-CAT320-05,3.3,FORWARD,-18
2026-06-26T10:03:24.000Z,EXCAVATOR-CAT320-05,3.0,FORWARD,-12
2026-06-26T10:03:26.000Z,EXCAVATOR-CAT320-05,2.8,FORWARD,-20
2026-06-26T10:03:28.000Z,EXCAVATOR-CAT320-05,2.7,DIGGING,-8
2026-06-26T10:03:30.000Z,EXCAVATOR-CAT320-05,2.6,DIGGING,-13
2026-06-26T10:03:32.000Z,EXCAVATOR-CAT320-05,2.5,DIGGING,-27
2026-06-26T10:03:34.000Z,EXCAVATOR-CAT320-05,2.6,SWINGING,-29
2026-06-26T10:03:36.000Z,EXCAVATOR-CAT320-05,2.8,REVERSING,-29
2026-06-26T10:03:38.000Z,EXCAVATOR-CAT320-05,2.6,REVERSING,-29
2026-06-26T10:03:40.000Z,EXCAVATOR-CAT320-05,2.7,REVERSING,-29
2026-06-26T10:03:42.000Z,EXCAVATOR-CAT320-05,2.8,REVERSING,-29
2026-06-26T10:03:44.000Z,EXCAVATOR-CAT320-05,2.7,REVERSING,-29
2026-06-26T10:03:46.000Z,EXCAVATOR-CAT320-05,2.8,REVERSING,-29
2026-06-26T10:03:48.000Z,EXCAVATOR-CAT320-05,2.7,REVERSING,-29
2026-06-26T10:03:50.000Z,EXCAVATOR-CAT320-05,2.8,REVERSING,-29
2026-06-26T10:03:52.000Z,EXCAVATOR-CAT320-05,2.8,REVERSING,-29
2026-06-26T10:03:54.000Z,EXCAVATOR-CAT320-05,2.9,REVERSING,-29
2026-06-26T10:03:56.000Z,EXCAVATOR-CAT320-05,2.7,REVERSING,-29
2026-06-26T10:03:58.000Z,EXCAVATOR-CAT320-05,2.7,REVERSING,-29
2026-06-26T10:04:00.000Z,EXCAVATOR-CAT320-05,2.9,REVERSING,-29
2026-06-26T10:04:02.000Z,EXCAVATOR-CAT320-05,2.7,REVERSING,-29
2026-06-26T10:04:04.000Z,EXCAVATOR-CAT320-05,2.7,REVERSING,-29
2026-06-26T10:04:06.000Z,EXCAVATOR-CAT320-05,2.5,REVERSING,-29
2026-06-26T10:04:08.000Z,EXCAVATOR-CAT320-05,2.5,REVERSING,-29
2026-06-26T10:04:10.000Z,EXCAVATOR-CAT320-05,2.7,REVERSING,-29
2026-06-26T10:04:12.000Z,EXCAVATOR-CAT320-05,2.5,REVERSING,-29
2026-06-26T10:04:14.000Z,EXCAVATOR-CAT320-05,2.7,REVERSING,-29
2026-06-26T10:04:16.000Z,EXCAVATOR-CAT320-05,2.7,REVERSING,-29
2026-06-26T10:04:18.000Z,EXCAVATOR-CAT320-05,2.8,REVERSING,-29
2026-06-26T10:04:20.000Z,EXCAVATOR-CAT320-05,2.6,REVERSING,-29
2026-06-26T10:04:22.000Z,EXCAVATOR-CAT320-05,2.8,REVERSING,-29
2026-06-26T10:04:24.000Z,EXCAVATOR-CAT320-05,2.7,REVERSING,-29
2026-06-26T10:04:26.000Z,EXCAVATOR-CAT320-05,2.8,REVERSING,-29
2026-06-26T10:04:28.000Z,EXCAVATOR-CAT320-05,2.9,REVERSING,-29
2026-06-26T10:04:30.000Z,EXCAVATOR-CAT320-05,3.0,REVERSING,-29
2026-06-26T10:04:32.000Z,EXCAVATOR-CAT320-05,3.2,REVERSING,-29
2026-06-26T10:04:34.000Z,EXCAVATOR-CAT320-05,3.2,REVERSING,-29
2026-06-26T10:04:36.000Z,EXCAVATOR-CAT320-05,3.2,REVERSING,-29
2026-06-26T10:04:38.000Z,EXCAVATOR-CAT320-05,3.0,REVERSING,-29
2026-06-26T10:04:40.000Z,EXCAVATOR-CAT320-05,2.9,REVERSING,-29
2026-06-26T10:04:42.000Z,EXCAVATOR-CAT320-05,3.1,REVERSING,-29
2026-06-26T10:04:44.000Z,EXCAVATOR-CAT320-05,3.2,REVERSING,-29
2026-06-26T10:04:46.000Z,EXCAVATOR-CAT320-05,3.2,REVERSING,-29
2026-06-26T10:04:48.000Z,EXCAVATOR-CAT320-05,3.1,REVERSING,-29
2026-06-26T10:04:50.000Z,EXCAVATOR-CAT320-05,3.3,REVERSING,-29
2026-06-26T10:04:52.000Z,EXCAVATOR-CAT320-05,3.1,REVERSING,-29
2026-06-26T10:04:54.000Z,EXCAVATOR-CAT320-05,3.1,REVERSING,-29
2026-06-26T10:04:56.000Z,EXCAVATOR-CAT320-05,3.1,REVERSING,-29
2026-06-26T10:04:58.000Z,EXCAVATOR-CAT320-05,3.0,REVERSING,-29
2026-06-26T10:05:00.000Z,EXCAVATOR-CAT320-05,3.3,DIGGING,-41
2026-06-26T10:05:02.000Z,EXCAVATOR-CAT320-05,3.5,SWINGING,-29
2026-06-26T10:05:04.000Z,EXCAVATOR-CAT320-05,3.8,FORWARD,-23
2026-06-26T10:05:06.000Z,EXCAVATOR-CAT320-05,3.7,FORWARD,-22
2026-06-26T10:05:08.000Z,EXCAVATOR-CAT320-05,3.7,DIGGING,-7
2026-06-26T10:05:10.000Z,EXCAVATOR-CAT320-05,3.5,FORWARD,-2
2026-06-26T10:05:12.000Z,EXCAVATOR-CAT320-05,3.6,SWINGING,4
2026-06-26T10:05:14.000Z,EXCAVATOR-CAT320-05,3.3,SWINGING,15
2026-06-26T10:05:16.000Z,EXCAVATOR-CAT320-05,3.5,SWINGING,10
2026-06-26T10:05:18.000Z,EXCAVATOR-CAT320-05,3.6,DIGGING,23
2026-06-26T10:05:20.000Z,EXCAVATOR-CAT320-05,3.6,SWINGING,18
2026-06-26T10:05:22.000Z,EXCAVATOR-CAT320-05,3.9,SWINGING,21
2026-06-26T10:05:24.000Z,EXCAVATOR-CAT320-05,4.0,FORWARD,23
2026-06-26T10:05:26.000Z,EXCAVATOR-CAT320-05,3.9,DIGGING,27
2026-06-26T10:05:28.000Z,EXCAVATOR-CAT320-05,3.7,SWINGING,32
2026-06-26T10:05:30.000Z,EXCAVATOR-CAT320-05,3.6,REVERSING,32
2026-06-26T10:05:32.000Z,EXCAVATOR-CAT320-05,3.5,REVERSING,32
2026-06-26T10:05:34.000Z,EXCAVATOR-CAT320-05,3.3,REVERSING,32
2026-06-26T10:05:36.000Z,EXCAVATOR-CAT320-05,3.4,REVERSING,32
2026-06-26T10:05:38.000Z,EXCAVATOR-CAT320-05,3.4,REVERSING,32
2026-06-26T10:05:40.000Z,EXCAVATOR-CAT320-05,3.6,REVERSING,32
2026-06-26T10:05:42.000Z,EXCAVATOR-CAT320-05,3.6,REVERSING,32
2026-06-26T10:05:44.000Z,EXCAVATOR-CAT320-05,3.5,REVERSING,32
2026-06-26T10:05:46.000Z,EXCAVATOR-CAT320-05,3.6,REVERSING,32
2026-06-26T10:05:48.000Z,EXCAVATOR-CAT320-05,3.7,REVERSING,32
2026-06-26T10:05:50.000Z,EXCAVATOR-CAT320-05,3.7,REVERSING,32
2026-06-26T10:05:52.000Z,EXCAVATOR-CAT320-05,3.8,REVERSING,32
2026-06-26T10:05:54.000Z,EXCAVATOR-CAT320-05,3.7,REVERSING,32
2026-06-26T10:05:56.000Z,EXCAVATOR-CAT320-05,3.8,REVERSING,32
2026-06-26T10:05:58.000Z,EXCAVATOR-CAT320-05,3.7,REVERSING,32
2026-06-26T10:06:00.000Z,EXCAVATOR-CAT320-05,3.9,REVERSING,32
2026-06-26T10:06:02.000Z,EXCAVATOR-CAT320-05,3.9,REVERSING,32
2026-06-26T10:06:04.000Z,EXCAVATOR-CAT320-05,3.8,REVERSING,32
2026-06-26T10:06:06.000Z,EXCAVATOR-CAT320-05,3.7,REVERSING,32
2026-06-26T10:06:08.000Z,EXCAVATOR-CAT320-05,3.8,REVERSING,32
2026-06-26T10:06:10.000Z,EXCAVATOR-CAT320-05,3.5,REVERSING,32
2026-06-26T10:06:12.000Z,EXCAVATOR-CAT320-05,3.5,REVERSING,32
2026-06-26T10:06:14.000Z,EXCAVATOR-CAT320-05,3.4,REVERSING,32
2026-06-26T10:06:16.000Z,EXCAVATOR-CAT320-05,3.3,REVERSING,32
2026-06-26T10:06:18.000Z,EXCAVATOR-CAT320-05,3.4,REVERSING,32
2026-06-26T10:06:20.000Z,EXCAVATOR-CAT320-05,3.4,REVERSING,32
2026-06-26T10:06:22.000Z,EXCAVATOR-CAT320-05,3.4,REVERSING,32
2026-06-26T10:06:24.000Z,EXCAVATOR-CAT320-05,3.3,REVERSING,32
2026-06-26T10:06:26.000Z,EXCAVATOR-CAT320-05,3.4,REVERSING,32
2026-06-26T10:06:28.000Z,EXCAVATOR-CAT320-05,3.4,REVERSING,32
2026-06-26T10:06:30.000Z,EXCAVATOR-CAT320-05,3.3,REVERSING,32
2026-06-26T10:06:32.000Z,EXCAVATOR-CAT320-05,3.4,REVERSING,32
2026-06-26T10:06:34.000Z,EXCAVATOR-CAT320-05,3.4,REVERSING,32
2026-06-26T10:06:36.000Z,EXCAVATOR-CAT320-05,3.4,REVERSING,32
2026-06-26T10:06:38.000Z,EXCAVATOR-CAT320-05,0.0,EMERGENCY_STOP,32
2026-06-26T10:06:40.000Z,EXCAVATOR-CAT320-05,0.0,EMERGENCY_STOP,32
2026-06-26T10:06:42.000Z,EXCAVATOR-CAT320-05,0.0,EMERGENCY_STOP,32
2026-06-26T10:06:44.000Z,EXCAVATOR-CAT320-05,0.0,EMERGENCY_STOP,32
2026-06-26T10:06:46.000Z,EXCAVATOR-CAT320-05,0.0,EMERGENCY_STOP,32
2026-06-26T10:06:48.000Z,EXCAVATOR-CAT320-05,0.0,EMERGENCY_STOP,32
2026-06-26T10:06:50.000Z,EXCAVATOR-CAT320-05,0.0,EMERGENCY_STOP,32
2026-06-26T10:06:52.000Z,EXCAVATOR-CAT320-05,0.0,EMERGENCY_STOP,32
2026-06-26T10:06:54.000Z,EXCAVATOR-CAT320-05,0.0,EMERGENCY_STOP,32
2026-06-26T10:06:56.000Z,EXCAVATOR-CAT320-05,0.0,EMERGENCY_STOP,32
2026-06-26T10:06:58.000Z,EXCAVATOR-CAT320-05,0.4,FORWARD,32
2026-06-26T10:07:00.000Z,EXCAVATOR-CAT320-05,0.8,FORWARD,32
2026-06-26T10:07:02.000Z,EXCAVATOR-CAT320-05,1.2,FORWARD,32
2026-06-26T10:07:04.000Z,EXCAVATOR-CAT320-05,1.6,FORWARD,32
2026-06-26T10:07:06.000Z,EXCAVATOR-CAT320-05,2.0,FORWARD,32
2026-06-26T10:07:08.000Z,EXCAVATOR-CAT320-05,2.4,FORWARD,32
2026-06-26T10:07:10.000Z,EXCAVATOR-CAT320-05,2.8,FORWARD,32
2026-06-26T10:07:12.000Z,EXCAVATOR-CAT320-05,3.0,FORWARD,32
2026-06-26T10:07:14.000Z,EXCAVATOR-CAT320-05,3.0,FORWARD,32
2026-06-26T10:07:16.000Z,EXCAVATOR-CAT320-05,3.0,FORWARD,32
2026-06-26T10:07:18.000Z,EXCAVATOR-CAT320-05,3.0,FORWARD,32
2026-06-26T10:07:20.000Z,EXCAVATOR-CAT320-05,3.0,FORWARD,32
2026-06-26T10:07:22.000Z,EXCAVATOR-CAT320-05,3.0,FORWARD,32
2026-06-26T10:07:24.000Z,EXCAVATOR-CAT320-05,3.0,FORWARD,32
2026-06-26T10:07:26.000Z,EXCAVATOR-CAT320-05,3.0,FORWARD,32
2026-06-26T10:07:28.000Z,EXCAVATOR-CAT320-05,3.0,FORWARD,18
2026-06-26T10:07:30.000Z,EXCAVATOR-CAT320-05,3.2,FORWARD,16
2026-06-26T10:07:32.000Z,EXCAVATOR-CAT320-05,3.3,FORWARD,31
2026-06-26T10:07:34.000Z,EXCAVATOR-CAT320-05,3.1,DIGGING,44
2026-06-26T10:07:36.000Z,EXCAVATOR-CAT320-05,3.3,DIGGING,45
2026-06-26T10:07:38.000Z,EXCAVATOR-CAT320-05,3.0,SWINGING,37
2026-06-26T10:07:40.000Z,EXCAVATOR-CAT320-05,3.1,DIGGING,33
2026-06-26T10:07:42.000Z,EXCAVATOR-CAT320-05,3.3,SWINGING,48
2026-06-26T10:07:44.000Z,EXCAVATOR-CAT320-05,3.1,FORWARD,53
2026-06-26T10:07:46.000Z,EXCAVATOR-CAT320-05,3.0,SWINGING,54
2026-06-26T10:07:48.000Z,EXCAVATOR-CAT320-05,2.8,DIGGING,39
2026-06-26T10:07:50.000Z,EXCAVATOR-CAT320-05,3.0,DIGGING,25
2026-06-26T10:07:52.000Z,EXCAVATOR-CAT320-05,3.1,SWINGING,20
2026-06-26T10:07:54.000Z,EXCAVATOR-CAT320-05,3.3,FORWARD,21
2026-06-26T10:07:56.000Z,EXCAVATOR-CAT320-05,3.6,SWINGING,21
2026-06-26T10:07:58.000Z,EXCAVATOR-CAT320-05,3.4,FORWARD,14
2026-06-26T10:08:00.000Z,EXCAVATOR-CAT320-05,3.2,FORWARD,9
2026-06-26T10:08:02.000Z,EXCAVATOR-CAT320-05,3.0,FORWARD,0
2026-06-26T10:08:04.000Z,EXCAVATOR-CAT320-05,3.0,FORWARD,4
2026-06-26T10:08:06.000Z,EXCAVATOR-CAT320-05,3.2,SWINGING,-8
2026-06-26T10:08:08.000Z,EXCAVATOR-CAT320-05,3.3,SWINGING,-18
2026-06-26T10:08:10.000Z,EXCAVATOR-CAT320-05,3.4,SWINGING,-16
2026-06-26T10:08:12.000Z,EXCAVATOR-CAT320-05,3.6,DIGGING,-30
2026-06-26T10:08:14.000Z,EXCAVATOR-CAT320-05,3.9,DIGGING,-20
2026-06-26T10:08:16.000Z,EXCAVATOR-CAT320-05,4.1,SWINGING,-33
2026-06-26T10:08:18.000Z,EXCAVATOR-CAT320-05,4.1,SWINGING,-22
2026-06-26T10:08:20.000Z,EXCAVATOR-CAT320-05,3.9,DIGGING,-23
2026-06-26T10:08:22.000Z,EXCAVATOR-CAT320-05,3.9,DIGGING,-16
2026-06-26T10:08:24.000Z,EXCAVATOR-CAT320-05,3.7,FORWARD,-18
2026-06-26T10:08:26.000Z,EXCAVATOR-CAT320-05,3.5,FORWARD,-15
2026-06-26T10:08:28.000Z,EXCAVATOR-CAT320-05,3.6,FORWARD,-25
2026-06-26T10:08:30.000Z,EXCAVATOR-CAT320-05,3.6,SWINGING,-24
2026-06-26T10:08:32.000Z,EXCAVATOR-CAT320-05,3.4,FORWARD,-37
2026-06-26T10:08:34.000Z,EXCAVATOR-CAT320-05,3.2,FORWARD,-35
2026-06-26T10:08:36.000Z,EXCAVATOR-CAT320-05,3.2,FORWARD,-43
2026-06-26T10:08:38.000Z,EXCAVATOR-CAT320-05,3.0,FORWARD,-36
2026-06-26T10:08:40.000Z,EXCAVATOR-CAT320-05,3.0,SWINGING,-33
2026-06-26T10:08:42.000Z,EXCAVATOR-CAT320-05,3.2,REVERSING,-33
2026-06-26T10:08:44.000Z,EXCAVATOR-CAT320-05,3.3,REVERSING,-33
2026-06-26T10:08:46.000Z,EXCAVATOR-CAT320-05,3.2,REVERSING,-33
2026-06-26T10:08:48.000Z,EXCAVATOR-CAT320-05,3.2,REVERSING,-33
2026-06-26T10:08:50.000Z,EXCAVATOR-CAT320-05,3.2,REVERSING,-33
2026-06-26T10:08:52.000Z,EXCAVATOR-CAT320-05,3.0,REVERSING,-33
2026-06-26T10:08:54.000Z,EXCAVATOR-CAT320-05,3.0,REVERSING,-33
2026-06-26T10:08:56.000Z,EXCAVATOR-CAT320-05,3.1,REVERSING,-33
2026-06-26T10:08:58.000Z,EXCAVATOR-CAT320-05,3.0,REVERSING,-33
2026-06-26T10:09:00.000Z,EXCAVATOR-CAT320-05,2.9,REVERSING,-33
2026-06-26T10:09:02.000Z,EXCAVATOR-CAT320-05,2.7,REVERSING,-33
2026-06-26T10:09:04.000Z,EXCAVATOR-CAT320-05,2.7,REVERSING,-33
2026-06-26T10:09:06.000Z,EXCAVATOR-CAT320-05,2.8,REVERSING,-33
2026-06-26T10:09:08.000Z,EXCAVATOR-CAT320-05,2.6,REVERSING,-33
2026-06-26T10:09:10.000Z,EXCAVATOR-CAT320-05,2.4,REVERSING,-33
2026-06-26T10:09:12.000Z,EXCAVATOR-CAT320-05,2.6,REVERSING,-33
2026-06-26T10:09:14.000Z,EXCAVATOR-CAT320-05,2.5,REVERSING,-33
2026-06-26T10:09:16.000Z,EXCAVATOR-CAT320-05,2.5,REVERSING,-33
2026-06-26T10:09:18.000Z,EXCAVATOR-CAT320-05,2.7,REVERSING,-33
2026-06-26T10:09:20.000Z,EXCAVATOR-CAT320-05,2.8,REVERSING,-33
2026-06-26T10:09:22.000Z,EXCAVATOR-CAT320-05,2.9,REVERSING,-33
2026-06-26T10:09:24.000Z,EXCAVATOR-CAT320-05,2.8,REVERSING,-33
2026-06-26T10:09:26.000Z,EXCAVATOR-CAT320-05,2.8,REVERSING,-33
2026-06-26T10:09:28.000Z,EXCAVATOR-CAT320-05,2.9,DIGGING,-26
2026-06-26T10:09:30.000Z,EXCAVATOR-CAT320-05,3.0,FORWARD,-15
2026-06-26T10:09:32.000Z,EXCAVATOR-CAT320-05,2.8,SWINGING,-27
2026-06-26T10:09:34.000Z,EXCAVATOR-CAT320-05,2.8,SWINGING,-17
2026-06-26T10:09:36.000Z,EXCAVATOR-CAT320-05,3.0,SWINGING,-13
2026-06-26T10:09:38.000Z,EXCAVATOR-CAT320-05,2.8,SWINGING,-8
2026-06-26T10:09:40.000Z,EXCAVATOR-CAT320-05,2.8,DIGGING,-8
2026-06-26T10:09:42.000Z,EXCAVATOR-CAT320-05,2.8,FORWARD,-17
2026-06-26T10:09:44.000Z,EXCAVATOR-CAT320-05,3.0,SWINGING,-3
2026-06-26T10:09:46.000Z,EXCAVATOR-CAT320-05,2.9,DIGGING,7
2026-06-26T10:09:48.000Z,EXCAVATOR-CAT320-05,2.9,DIGGING,6
2026-06-26T10:09:50.000Z,EXCAVATOR-CAT320-05,3.2,DIGGING,20
2026-06-26T10:09:52.000Z,EXCAVATOR-CAT320-05,3.1,DIGGING,33
2026-06-26T10:09:54.000Z,EXCAVATOR-CAT320-05,3.2,FORWARD,24
2026-06-26T10:09:56.000Z,EXCAVATOR-CAT320-05,3.4,SWINGING,11
2026-06-26T10:09:58.000Z,EXCAVATOR-CAT320-05,3.6,FORWARD,20
2026-06-26T10:10:00.000Z,EXCAVATOR-CAT320-05,3.5,FORWARD,9
2026-06-26T10:10:02.000Z,EXCAVATOR-CAT320-05,3.4,FORWARD,-5
2026-06-26T10:10:04.000Z,EXCAVATOR-CAT320-05,3.6,FORWARD,-18
2026-06-26T10:10:06.000Z,EXCAVATOR-CAT320-05,3.4,FORWARD,-8
2026-06-26T10:10:08.000Z,EXCAVATOR-CAT320-05,3.6,DIGGING,1
2026-06-26T10:10:10.000Z,EXCAVATOR-CAT320-05,3.3,FORWARD,-8
2026-06-26T10:10:12.000Z,EXCAVATOR-CAT320-05,3.4,DIGGING,-2
2026-06-26T10:10:14.000Z,EXCAVATOR-CAT320-05,3.6,SWINGING,12
2026-06-26T10:10:16.000Z,EXCAVATOR-CAT320-05,3.7,DIGGING,11
2026-06-26T10:10:18.000Z,EXCAVATOR-CAT320-05,3.5,SWINGING,21
2026-06-26T10:10:20.000Z,EXCAVATOR-CAT320-05,3.6,DIGGING,11
2026-06-26T10:10:22.000Z,EXCAVATOR-CAT320-05,3.5,FORWARD,-4
2026-06-26T10:10:24.000Z,EXCAVATOR-CAT320-05,3.3,FORWARD,-17
2026-06-26T10:10:26.000Z,EXCAVATOR-CAT320-05,3.4,SWINGING,-18
2026-06-26T10:10:28.000Z,EXCAVATOR-CAT320-05,3.4,DIGGING,-15
2026-06-26T10:10:30.000Z,EXCAVATOR-CAT320-05,3.2,SWINGING,-20
2026-06-26T10:10:32.000Z,EXCAVATOR-CAT320-05,3.2,FORWARD,-25
2026-06-26T10:10:34.000Z,EXCAVATOR-CAT320-05,3.4,SWINGING,-11
2026-06-26T10:10:36.000Z,EXCAVATOR-CAT320-05,3.6,FORWARD,-21
2026-06-26T10:10:38.000Z,EXCAVATOR-CAT320-05,3.9,FORWARD,-14
2026-06-26T10:10:40.000Z,EXCAVATOR-CAT320-05,4.1,DIGGING,-11
2026-06-26T10:10:42.000Z,EXCAVATOR-CAT320-05,4.4,FORWARD,-12
2026-06-26T10:10:44.000Z,EXCAVATOR-CAT320-05,4.6,DIGGING,-10
2026-06-26T10:10:46.000Z,EXCAVATOR-CAT320-05,4.4,FORWARD,2
2026-06-26T10:10:48.000Z,EXCAVATOR-CAT320-05,4.6,FORWARD,-3
2026-06-26T10:10:50.000Z,EXCAVATOR-CAT320-05,4.7,FORWARD,-5
2026-06-26T10:10:52.000Z,EXCAVATOR-CAT320-05,4.7,DIGGING,7
2026-06-26T10:10:54.000Z,EXCAVATOR-CAT320-05,4.6,DIGGING,-3
2026-06-26T10:10:56.000Z,EXCAVATOR-CAT320-05,4.6,SWINGING,11
2026-06-26T10:10:58.000Z,EXCAVATOR-CAT320-05,4.4,FORWARD,1
2026-06-26T10:11:00.000Z,EXCAVATOR-CAT320-05,4.2,DIGGING,-10
2026-06-26T10:11:02.000Z,EXCAVATOR-CAT320-05,4.0,FORWARD,-10
2026-06-26T10:11:04.000Z,EXCAVATOR-CAT320-05,3.7,DIGGING,4
2026-06-26T10:11:06.000Z,EXCAVATOR-CAT320-05,3.5,FORWARD,-9
2026-06-26T10:11:08.000Z,EXCAVATOR-CAT320-05,3.6,SWINGING,-14
2026-06-26T10:11:10.000Z,EXCAVATOR-CAT320-05,3.5,SWINGING,-16
2026-06-26T10:11:12.000Z,EXCAVATOR-CAT320-05,3.5,SWINGING,-16
2026-06-26T10:11:14.000Z,EXCAVATOR-CAT320-05,3.6,SWINGING,-1
2026-06-26T10:11:16.000Z,EXCAVATOR-CAT320-05,3.7,FORWARD,2
2026-06-26T10:11:18.000Z,EXCAVATOR-CAT320-05,3.4,DIGGING,10
2026-06-26T10:11:20.000Z,EXCAVATOR-CAT320-05,3.7,SWINGING,7
2026-06-26T10:11:22.000Z,EXCAVATOR-CAT320-05,3.7,FORWARD,-2
2026-06-26T10:11:24.000Z,EXCAVATOR-CAT320-05,4.0,DIGGING,13
2026-06-26T10:11:26.000Z,EXCAVATOR-CAT320-05,4.1,SWINGING,12
2026-06-26T10:11:28.000Z,EXCAVATOR-CAT320-05,4.2,FORWARD,27
2026-06-26T10:11:30.000Z,EXCAVATOR-CAT320-05,3.9,FORWARD,37
2026-06-26T10:11:32.000Z,EXCAVATOR-CAT320-05,3.7,DIGGING,50
2026-06-26T10:11:34.000Z,EXCAVATOR-CAT320-05,3.5,FORWARD,54
2026-06-26T10:11:36.000Z,EXCAVATOR-CAT320-05,3.4,SWINGING,57
2026-06-26T10:11:38.000Z,EXCAVATOR-CAT320-05,3.5,SWINGING,58
2026-06-26T10:11:40.000Z,EXCAVATOR-CAT320-05,3.7,SWINGING,58
2026-06-26T10:11:42.000Z,EXCAVATOR-CAT320-05,3.9,SWINGING,69
2026-06-26T10:11:44.000Z,EXCAVATOR-CAT320-05,3.9,FORWARD,75
2026-06-26T10:11:46.000Z,EXCAVATOR-CAT320-05,3.8,SWINGING,75
2026-06-26T10:11:48.000Z,EXCAVATOR-CAT320-05,3.7,DIGGING,75
2026-06-26T10:11:50.000Z,EXCAVATOR-CAT320-05,3.9,DIGGING,89
2026-06-26T10:11:52.000Z,EXCAVATOR-CAT320-05,4.1,DIGGING,86
2026-06-26T10:11:54.000Z,EXCAVATOR-CAT320-05,4.4,SWINGING,79
2026-06-26T10:11:56.000Z,EXCAVATOR-CAT320-05,4.6,SWINGING,88
2026-06-26T10:11:58.000Z,EXCAVATOR-CAT320-05,4.7,SWINGING,79
2026-06-26T10:12:00.000Z,EXCAVATOR-CAT320-05,4.6,SWINGING,67
2026-06-26T10:12:02.000Z,EXCAVATOR-CAT320-05,4.4,FORWARD,72
2026-06-26T10:12:04.000Z,EXCAVATOR-CAT320-05,4.3,SWINGING,66
2026-06-26T10:12:06.000Z,EXCAVATOR-CAT320-05,4.3,FORWARD,58
2026-06-26T10:12:08.000Z,EXCAVATOR-CAT320-05,4.0,FORWARD,43
2026-06-26T10:12:10.000Z,EXCAVATOR-CAT320-05,4.3,DIGGING,31
2026-06-26T10:12:12.000Z,EXCAVATOR-CAT320-05,4.2,FORWARD,45
2026-06-26T10:12:14.000Z,EXCAVATOR-CAT320-05,3.9,SWINGING,45
2026-06-26T10:12:16.000Z,EXCAVATOR-CAT320-05,3.8,FORWARD,36
2026-06-26T10:12:18.000Z,EXCAVATOR-CAT320-05,3.8,SWINGING,47
2026-06-26T10:12:20.000Z,EXCAVATOR-CAT320-05,3.7,DIGGING,61
2026-06-26T10:12:22.000Z,EXCAVATOR-CAT320-05,3.7,SWINGING,56
2026-06-26T10:12:24.000Z,EXCAVATOR-CAT320-05,3.4,FORWARD,48
2026-06-26T10:12:26.000Z,EXCAVATOR-CAT320-05,3.6,DIGGING,55
2026-06-26T10:12:28.000Z,EXCAVATOR-CAT320-05,3.9,FORWARD,53
2026-06-26T10:12:30.000Z,EXCAVATOR-CAT320-05,3.7,REVERSING,53
2026-06-26T10:12:32.000Z,EXCAVATOR-CAT320-05,3.6,REVERSING,53
2026-06-26T10:12:34.000Z,EXCAVATOR-CAT320-05,3.5,REVERSING,53
2026-06-26T10:12:36.000Z,EXCAVATOR-CAT320-05,3.4,REVERSING,53
2026-06-26T10:12:38.000Z,EXCAVATOR-CAT320-05,3.4,REVERSING,53
2026-06-26T10:12:40.000Z,EXCAVATOR-CAT320-05,3.6,REVERSING,53
2026-06-26T10:12:42.000Z,EXCAVATOR-CAT320-05,3.4,REVERSING,53
2026-06-26T10:12:44.000Z,EXCAVATOR-CAT320-05,3.5,REVERSING,53
2026-06-26T10:12:46.000Z,EXCAVATOR-CAT320-05,3.3,REVERSING,53
2026-06-26T10:12:48.000Z,EXCAVATOR-CAT320-05,3.5,REVERSING,53
2026-06-26T10:12:50.000Z,EXCAVATOR-CAT320-05,3.5,REVERSING,53
2026-06-26T10:12:52.000Z,EXCAVATOR-CAT320-05,3.7,REVERSING,53
2026-06-26T10:12:54.000Z,EXCAVATOR-CAT320-05,3.8,REVERSING,53
2026-06-26T10:12:56.000Z,EXCAVATOR-CAT320-05,3.7,REVERSING,53
2026-06-26T10:12:58.000Z,EXCAVATOR-CAT320-05,3.5,REVERSING,53
2026-06-26T10:13:00.000Z,EXCAVATOR-CAT320-05,3.6,REVERSING,53
2026-06-26T10:13:02.000Z,EXCAVATOR-CAT320-05,3.7,REVERSING,53
2026-06-26T10:13:04.000Z,EXCAVATOR-CAT320-05,3.6,REVERSING,53
2026-06-26T10:13:06.000Z,EXCAVATOR-CAT320-05,3.8,REVERSING,53
2026-06-26T10:13:08.000Z,EXCAVATOR-CAT320-05,3.6,REVERSING,53
2026-06-26T10:13:10.000Z,EXCAVATOR-CAT320-05,3.6,REVERSING,53
2026-06-26T10:13:12.000Z,EXCAVATOR-CAT320-05,3.5,REVERSING,53
2026-06-26T10:13:14.000Z,EXCAVATOR-CAT320-05,3.6,REVERSING,53
2026-06-26T10:13:16.000Z,EXCAVATOR-CAT320-05,3.6,REVERSING,53
2026-06-26T10:13:18.000Z,EXCAVATOR-CAT320-05,3.6,REVERSING,53
2026-06-26T10:13:20.000Z,EXCAVATOR-CAT320-05,3.4,REVERSING,53
2026-06-26T10:13:22.000Z,EXCAVATOR-CAT320-05,3.3,REVERSING,53
2026-06-26T10:13:24.000Z,EXCAVATOR-CAT320-05,3.1,REVERSING,53
2026-06-26T10:13:26.000Z,EXCAVATOR-CAT320-05,3.0,REVERSING,53
2026-06-26T10:13:28.000Z,EXCAVATOR-CAT320-05,3.2,REVERSING,53
2026-06-26T10:13:30.000Z,EXCAVATOR-CAT320-05,3.2,REVERSING,53
2026-06-26T10:13:32.000Z,EXCAVATOR-CAT320-05,3.2,REVERSING,53
2026-06-26T10:13:34.000Z,EXCAVATOR-CAT320-05,3.2,REVERSING,53
2026-06-26T10:13:36.000Z,EXCAVATOR-CAT320-05,3.1,REVERSING,53
2026-06-26T10:13:38.000Z,EXCAVATOR-CAT320-05,3.3,REVERSING,53
2026-06-26T10:13:40.000Z,EXCAVATOR-CAT320-05,3.3,REVERSING,53
2026-06-26T10:13:42.000Z,EXCAVATOR-CAT320-05,3.4,REVERSING,53
2026-06-26T10:13:44.000Z,EXCAVATOR-CAT320-05,3.4,REVERSING,53
2026-06-26T10:13:46.000Z,EXCAVATOR-CAT320-05,3.4,REVERSING,53
2026-06-26T10:13:48.000Z,EXCAVATOR-CAT320-05,3.5,REVERSING,53
2026-06-26T10:13:50.000Z,EXCAVATOR-CAT320-05,3.6,REVERSING,53
2026-06-26T10:13:52.000Z,EXCAVATOR-CAT320-05,3.9,FORWARD,61
2026-06-26T10:13:54.000Z,EXCAVATOR-CAT320-05,3.7,DIGGING,51
2026-06-26T10:13:56.000Z,EXCAVATOR-CAT320-05,3.8,DIGGING,60
2026-06-26T10:13:58.000Z,EXCAVATOR-CAT320-05,4.0,SWINGING,47
2026-06-26T10:14:00.000Z,EXCAVATOR-CAT320-05,4.2,DIGGING,56
2026-06-26T10:14:02.000Z,EXCAVATOR-CAT320-05,4.4,FORWARD,65
2026-06-26T10:14:04.000Z,EXCAVATOR-CAT320-05,4.2,FORWARD,59
2026-06-26T10:14:06.000Z,EXCAVATOR-CAT320-05,4.1,FORWARD,69
2026-06-26T10:14:08.000Z,EXCAVATOR-CAT320-05,4.3,DIGGING,65
2026-06-26T10:14:10.000Z,EXCAVATOR-CAT320-05,4.5,DIGGING,55
2026-06-26T10:14:12.000Z,EXCAVATOR-CAT320-05,4.5,REVERSING,55
2026-06-26T10:14:14.000Z,EXCAVATOR-CAT320-05,4.4,REVERSING,55
2026-06-26T10:14:16.000Z,EXCAVATOR-CAT320-05,4.4,REVERSING,55
2026-06-26T10:14:18.000Z,EXCAVATOR-CAT320-05,4.3,REVERSING,55
2026-06-26T10:14:20.000Z,EXCAVATOR-CAT320-05,4.2,REVERSING,55
2026-06-26T10:14:22.000Z,EXCAVATOR-CAT320-05,4.1,REVERSING,55
2026-06-26T10:14:24.000Z,EXCAVATOR-CAT320-05,4.2,REVERSING,55
2026-06-26T10:14:26.000Z,EXCAVATOR-CAT320-05,4.4,REVERSING,55
2026-06-26T10:14:28.000Z,EXCAVATOR-CAT320-05,4.5,REVERSING,55
2026-06-26T10:14:30.000Z,EXCAVATOR-CAT320-05,4.3,REVERSING,55
2026-06-26T10:14:32.000Z,EXCAVATOR-CAT320-05,4.3,REVERSING,55
2026-06-26T10:14:34.000Z,EXCAVATOR-CAT320-05,4.2,REVERSING,55
2026-06-26T10:14:36.000Z,EXCAVATOR-CAT320-05,4.4,REVERSING,55
2026-06-26T10:14:38.000Z,EXCAVATOR-CAT320-05,4.5,REVERSING,55
2026-06-26T10:14:40.000Z,EXCAVATOR-CAT320-05,4.5,REVERSING,55
2026-06-26T10:14:42.000Z,EXCAVATOR-CAT320-05,4.5,REVERSING,55
2026-06-26T10:14:44.000Z,EXCAVATOR-CAT320-05,4.5,REVERSING,55
2026-06-26T10:14:46.000Z,EXCAVATOR-CAT320-05,4.5,REVERSING,55
2026-06-26T10:14:48.000Z,EXCAVATOR-CAT320-05,4.5,REVERSING,55
2026-06-26T10:14:50.000Z,EXCAVATOR-CAT320-05,4.4,REVERSING,55
2026-06-26T10:14:52.000Z,EXCAVATOR-CAT320-05,4.1,DIGGING,42
2026-06-26T10:14:54.000Z,EXCAVATOR-CAT320-05,4.2,SWINGING,34
2026-06-26T10:14:56.000Z,EXCAVATOR-CAT320-05,4.4,DIGGING,24
2026-06-26T10:14:58.000Z,EXCAVATOR-CAT320-05,4.7,DIGGING,30
2026-06-26T10:15:00.000Z,EXCAVATOR-CAT320-05,4.7,SWINGING,33
2026-06-26T10:15:02.000Z,EXCAVATOR-CAT320-05,4.8,DIGGING,42
2026-06-26T10:15:04.000Z,EXCAVATOR-CAT320-05,5.1,DIGGING,46
2026-06-26T10:15:06.000Z,EXCAVATOR-CAT320-05,5.1,SWINGING,42
2026-06-26T10:15:08.000Z,EXCAVATOR-CAT320-05,5.3,DIGGING,28
2026-06-26T10:15:10.000Z,EXCAVATOR-CAT320-05,5.1,SWINGING,30
2026-06-26T10:15:12.000Z,EXCAVATOR-CAT320-05,4.9,DIGGING,19
2026-06-26T10:15:14.000Z,EXCAVATOR-CAT320-05,4.8,SWINGING,18
2026-06-26T10:15:16.000Z,EXCAVATOR-CAT320-05,5.1,SWINGING,21
2026-06-26T10:15:18.000Z,EXCAVATOR-CAT320-05,5.0,SWINGING,23
2026-06-26T10:15:20.000Z,EXCAVATOR-CAT320-05,5.2,FORWARD,32
2026-06-26T10:15:22.000Z,EXCAVATOR-CAT320-05,5.1,DIGGING,35
2026-06-26T10:15:24.000Z,EXCAVATOR-CAT320-05,5.2,FORWARD,25
2026-06-26T10:15:26.000Z,EXCAVATOR-CAT320-05,5.0,FORWARD,16
2026-06-26T10:15:28.000Z,EXCAVATOR-CAT320-05,4.9,SWINGING,25
2026-06-26T10:15:30.000Z,EXCAVATOR-CAT320-05,4.5,REVERSING,25
2026-06-26T10:15:32.000Z,EXCAVATOR-CAT320-05,4.5,REVERSING,25
2026-06-26T10:15:34.000Z,EXCAVATOR-CAT320-05,4.3,REVERSING,25
2026-06-26T10:15:36.000Z,EXCAVATOR-CAT320-05,4.2,REVERSING,25
2026-06-26T10:15:38.000Z,EXCAVATOR-CAT320-05,4.4,REVERSING,25
2026-06-26T10:15:40.000Z,EXCAVATOR-CAT320-05,4.5,REVERSING,25
2026-06-26T10:15:42.000Z,EXCAVATOR-CAT320-05,4.5,REVERSING,25
2026-06-26T10:15:44.000Z,EXCAVATOR-CAT320-05,4.4,REVERSING,25
2026-06-26T10:15:46.000Z,EXCAVATOR-CAT320-05,4.5,REVERSING,25
2026-06-26T10:15:48.000Z,EXCAVATOR-CAT320-05,4.4,REVERSING,25
2026-06-26T10:15:50.000Z,EXCAVATOR-CAT320-05,4.4,REVERSING,25
2026-06-26T10:15:52.000Z,EXCAVATOR-CAT320-05,4.5,REVERSING,25
2026-06-26T10:15:54.000Z,EXCAVATOR-CAT320-05,4.5,REVERSING,25
2026-06-26T10:15:56.000Z,EXCAVATOR-CAT320-05,4.3,REVERSING,25
2026-06-26T10:15:58.000Z,EXCAVATOR-CAT320-05,4.2,REVERSING,25
2026-06-26T10:16:00.000Z,EXCAVATOR-CAT320-05,4.1,REVERSING,25
2026-06-26T10:16:02.000Z,EXCAVATOR-CAT320-05,4.2,REVERSING,25
2026-06-26T10:16:04.000Z,EXCAVATOR-CAT320-05,4.1,REVERSING,25
2026-06-26T10:16:06.000Z,EXCAVATOR-CAT320-05,4.0,REVERSING,25
2026-06-26T10:16:08.000Z,EXCAVATOR-CAT320-05,4.0,REVERSING,25
2026-06-26T10:16:10.000Z,EXCAVATOR-CAT320-05,3.8,REVERSING,25
2026-06-26T10:16:12.000Z,EXCAVATOR-CAT320-05,3.6,REVERSING,25
2026-06-26T10:16:14.000Z,EXCAVATOR-CAT320-05,3.7,REVERSING,25
2026-06-26T10:16:16.000Z,EXCAVATOR-CAT320-05,3.7,REVERSING,25
2026-06-26T10:16:18.000Z,EXCAVATOR-CAT320-05,3.7,REVERSING,25
2026-06-26T10:16:20.000Z,EXCAVATOR-CAT320-05,3.6,DIGGING,18
2026-06-26T10:16:22.000Z,EXCAVATOR-CAT320-05,3.5,SWINGING,7
2026-06-26T10:16:24.000Z,EXCAVATOR-CAT320-05,3.7,FORWARD,8
2026-06-26T10:16:26.000Z,EXCAVATOR-CAT320-05,3.8,SWINGING,17
2026-06-26T10:16:28.000Z,EXCAVATOR-CAT320-05,3.8,FORWARD,15
2026-06-26T10:16:30.000Z,EXCAVATOR-CAT320-05,3.5,FORWARD,27
2026-06-26T10:16:32.000Z,EXCAVATOR-CAT320-05,3.5,FORWARD,28
2026-06-26T10:16:34.000Z,EXCAVATOR-CAT320-05,3.4,SWINGING,40
2026-06-26T10:16:36.000Z,EXCAVATOR-CAT320-05,3.1,FORWARD,44
2026-06-26T10:16:38.000Z,EXCAVATOR-CAT320-05,2.9,DIGGING,39
2026-06-26T10:16:40.000Z,EXCAVATOR-CAT320-05,2.8,DIGGING,53
2026-06-26T10:16:42.000Z,EXCAVATOR-CAT320-05,3.0,SWINGING,67
2026-06-26T10:16:44.000Z,EXCAVATOR-CAT320-05,2.8,FORWARD,60
2026-06-26T10:16:46.000Z,EXCAVATOR-CAT320-05,2.6,SWINGING,55
2026-06-26T10:16:48.000Z,EXCAVATOR-CAT320-05,2.5,SWINGING,49
2026-06-26T10:16:50.000Z,EXCAVATOR-CAT320-05,2.5,REVERSING,49
2026-06-26T10:16:52.000Z,EXCAVATOR-CAT320-05,2.6,REVERSING,49
2026-06-26T10:16:54.000Z,EXCAVATOR-CAT320-05,2.8,REVERSING,49
2026-06-26T10:16:56.000Z,EXCAVATOR-CAT320-05,2.7,REVERSING,49
2026-06-26T10:16:58.000Z,EXCAVATOR-CAT320-05,2.5,REVERSING,49
2026-06-26T10:17:00.000Z,EXCAVATOR-CAT320-05,2.4,REVERSING,49
2026-06-26T10:17:02.000Z,EXCAVATOR-CAT320-05,2.2,REVERSING,49
2026-06-26T10:17:04.000Z,EXCAVATOR-CAT320-05,2.4,REVERSING,49
2026-06-26T10:17:06.000Z,EXCAVATOR-CAT320-05,2.3,REVERSING,49
2026-06-26T10:17:08.000Z,EXCAVATOR-CAT320-05,2.3,REVERSING,49
2026-06-26T10:17:10.000Z,EXCAVATOR-CAT320-05,2.4,REVERSING,49
2026-06-26T10:17:12.000Z,EXCAVATOR-CAT320-05,2.4,REVERSING,49
2026-06-26T10:17:14.000Z,EXCAVATOR-CAT320-05,2.2,REVERSING,49
2026-06-26T10:17:16.000Z,EXCAVATOR-CAT320-05,2.1,REVERSING,49
2026-06-26T10:17:18.000Z,EXCAVATOR-CAT320-05,2.3,REVERSING,49
2026-06-26T10:17:20.000Z,EXCAVATOR-CAT320-05,2.4,REVERSING,49
2026-06-26T10:17:22.000Z,EXCAVATOR-CAT320-05,2.5,REVERSING,49
2026-06-26T10:17:24.000Z,EXCAVATOR-CAT320-05,2.3,REVERSING,49
2026-06-26T10:17:26.000Z,EXCAVATOR-CAT320-05,2.2,REVERSING,49
2026-06-26T10:17:28.000Z,EXCAVATOR-CAT320-05,2.2,REVERSING,49
2026-06-26T10:17:30.000Z,EXCAVATOR-CAT320-05,2.0,REVERSING,49
2026-06-26T10:17:32.000Z,EXCAVATOR-CAT320-05,2.1,REVERSING,49
2026-06-26T10:17:34.000Z,EXCAVATOR-CAT320-05,2.0,REVERSING,49
2026-06-26T10:17:36.000Z,EXCAVATOR-CAT320-05,2.1,REVERSING,49
2026-06-26T10:17:38.000Z,EXCAVATOR-CAT320-05,2.1,REVERSING,49
2026-06-26T10:17:40.000Z,EXCAVATOR-CAT320-05,2.1,REVERSING,49
2026-06-26T10:17:42.000Z,EXCAVATOR-CAT320-05,2.3,REVERSING,49
2026-06-26T10:17:44.000Z,EXCAVATOR-CAT320-05,2.5,REVERSING,49
2026-06-26T10:17:46.000Z,EXCAVATOR-CAT320-05,2.4,REVERSING,49
2026-06-26T10:17:48.000Z,EXCAVATOR-CAT320-05,2.3,REVERSING,49
2026-06-26T10:17:50.000Z,EXCAVATOR-CAT320-05,2.2,REVERSING,49
2026-06-26T10:17:52.000Z,EXCAVATOR-CAT320-05,2.3,REVERSING,49
2026-06-26T10:17:54.000Z,EXCAVATOR-CAT320-05,2.5,REVERSING,49
2026-06-26T10:17:56.000Z,EXCAVATOR-CAT320-05,2.5,REVERSING,49
2026-06-26T10:17:58.000Z,EXCAVATOR-CAT320-05,2.3,REVERSING,49
2026-06-26T10:18:00.000Z,EXCAVATOR-CAT320-05,2.2,REVERSING,49
2026-06-26T10:18:02.000Z,EXCAVATOR-CAT320-05,2.3,REVERSING,49
2026-06-26T10:18:04.000Z,EXCAVATOR-CAT320-05,2.3,REVERSING,49
2026-06-26T10:18:06.000Z,EXCAVATOR-CAT320-05,2.4,REVERSING,49
2026-06-26T10:18:08.000Z,EXCAVATOR-CAT320-05,2.5,REVERSING,49
2026-06-26T10:18:10.000Z,EXCAVATOR-CAT320-05,2.3,REVERSING,49
2026-06-26T10:18:12.000Z,EXCAVATOR-CAT320-05,2.2,REVERSING,49
2026-06-26T10:18:14.000Z,EXCAVATOR-CAT320-05,2.2,REVERSING,49
2026-06-26T10:18:16.000Z,EXCAVATOR-CAT320-05,2.0,REVERSING,49
2026-06-26T10:18:18.000Z,EXCAVATOR-CAT320-05,1.8,REVERSING,49
2026-06-26T10:18:20.000Z,EXCAVATOR-CAT320-05,1.8,REVERSING,49
2026-06-26T10:18:22.000Z,EXCAVATOR-CAT320-05,1.9,REVERSING,49
2026-06-26T10:18:24.000Z,EXCAVATOR-CAT320-05,1.8,REVERSING,49
2026-06-26T10:18:26.000Z,EXCAVATOR-CAT320-05,1.8,REVERSING,49
2026-06-26T10:18:28.000Z,EXCAVATOR-CAT320-05,1.9,REVERSING,49
2026-06-26T10:18:30.000Z,EXCAVATOR-CAT320-05,1.9,REVERSING,49
2026-06-26T10:18:32.000Z,EXCAVATOR-CAT320-05,1.9,REVERSING,49
2026-06-26T10:18:34.000Z,EXCAVATOR-CAT320-05,1.9,REVERSING,49
2026-06-26T10:18:36.000Z,EXCAVATOR-CAT320-05,2.0,REVERSING,49
2026-06-26T10:18:38.000Z,EXCAVATOR-CAT320-05,1.9,REVERSING,49
2026-06-26T10:18:40.000Z,EXCAVATOR-CAT320-05,1.9,REVERSING,49
2026-06-26T10:18:42.000Z,EXCAVATOR-CAT320-05,1.9,REVERSING,49
2026-06-26T10:18:44.000Z,EXCAVATOR-CAT320-05,1.9,REVERSING,49
2026-06-26T10:18:46.000Z,EXCAVATOR-CAT320-05,2.0,REVERSING,49
2026-06-26T10:18:48.000Z,EXCAVATOR-CAT320-05,2.0,REVERSING,49
2026-06-26T10:18:50.000Z,EXCAVATOR-CAT320-05,2.1,REVERSING,49
2026-06-26T10:18:52.000Z,EXCAVATOR-CAT320-05,2.1,REVERSING,49
2026-06-26T10:18:54.000Z,EXCAVATOR-CAT320-05,2.1,REVERSING,49
2026-06-26T10:18:56.000Z,EXCAVATOR-CAT320-05,2.1,REVERSING,49
2026-06-26T10:18:58.000Z,EXCAVATOR-CAT320-05,2.2,REVERSING,49
2026-06-26T10:19:00.000Z,EXCAVATOR-CAT320-05,0.0,EMERGENCY_STOP,49
2026-06-26T10:19:02.000Z,EXCAVATOR-CAT320-05,0.0,EMERGENCY_STOP,49
2026-06-26T10:19:04.000Z,EXCAVATOR-CAT320-05,0.0,EMERGENCY_STOP,49
2026-06-26T10:19:06.000Z,EXCAVATOR-CAT320-05,0.0,EMERGENCY_STOP,49
2026-06-26T10:19:08.000Z,EXCAVATOR-CAT320-05,0.0,EMERGENCY_STOP,49
2026-06-26T10:19:10.000Z,EXCAVATOR-CAT320-05,0.0,EMERGENCY_STOP,49
2026-06-26T10:19:12.000Z,EXCAVATOR-CAT320-05,0.0,EMERGENCY_STOP,49
2026-06-26T10:19:14.000Z,EXCAVATOR-CAT320-05,0.0,EMERGENCY_STOP,49
2026-06-26T10:19:16.000Z,EXCAVATOR-CAT320-05,0.0,EMERGENCY_STOP,49
2026-06-26T10:19:18.000Z,EXCAVATOR-CAT320-05,0.4,FORWARD,49
2026-06-26T10:19:20.000Z,EXCAVATOR-CAT320-05,0.8,FORWARD,49
2026-06-26T10:19:22.000Z,EXCAVATOR-CAT320-05,1.2,FORWARD,49
2026-06-26T10:19:24.000Z,EXCAVATOR-CAT320-05,1.6,FORWARD,49
2026-06-26T10:19:26.000Z,EXCAVATOR-CAT320-05,2.0,FORWARD,49
2026-06-26T10:19:28.000Z,EXCAVATOR-CAT320-05,2.4,FORWARD,49
2026-06-26T10:19:30.000Z,EXCAVATOR-CAT320-05,2.8,FORWARD,49
2026-06-26T10:19:32.000Z,EXCAVATOR-CAT320-05,3.0,FORWARD,49
2026-06-26T10:19:34.000Z,EXCAVATOR-CAT320-05,3.0,FORWARD,49
2026-06-26T10:19:36.000Z,EXCAVATOR-CAT320-05,3.0,FORWARD,49
2026-06-26T10:19:38.000Z,EXCAVATOR-CAT320-05,2.8,FORWARD,51
2026-06-26T10:19:40.000Z,EXCAVATOR-CAT320-05,2.6,SWINGING,57
2026-06-26T10:19:42.000Z,EXCAVATOR-CAT320-05,2.6,DIGGING,57
2026-06-26T10:19:44.000Z,EXCAVATOR-CAT320-05,2.5,FORWARD,48
2026-06-26T10:19:46.000Z,EXCAVATOR-CAT320-05,2.5,SWINGING,59
2026-06-26T10:19:48.000Z,EXCAVATOR-CAT320-05,2.8,DIGGING,69
2026-06-26T10:19:50.000Z,EXCAVATOR-CAT320-05,2.9,FORWARD,65
2026-06-26T10:19:52.000Z,EXCAVATOR-CAT320-05,2.9,FORWARD,78
2026-06-26T10:19:54.000Z,EXCAVATOR-CAT320-05,2.7,SWINGING,63
2026-06-26T10:19:56.000Z,EXCAVATOR-CAT320-05,2.6,SWINGING,68
2026-06-26T10:19:58.000Z,EXCAVATOR-CAT320-05,2.5,FORWARD,68
2026-06-26T10:20:00.000Z,EXCAVATOR-CAT320-05,2.5,SWINGING,76
2026-06-26T10:20:02.000Z,EXCAVATOR-CAT320-05,2.6,DIGGING,89
2026-06-26T10:20:04.000Z,EXCAVATOR-CAT320-05,2.6,SWINGING,90
2026-06-26T10:20:06.000Z,EXCAVATOR-CAT320-05,2.8,FORWARD,80
2026-06-26T10:20:08.000Z,EXCAVATOR-CAT320-05,3.1,FORWARD,66
2026-06-26T10:20:10.000Z,EXCAVATOR-CAT320-05,2.9,SWINGING,57
2026-06-26T10:20:12.000Z,EXCAVATOR-CAT320-05,3.2,FORWARD,56
2026-06-26T10:20:14.000Z,EXCAVATOR-CAT320-05,3.4,SWINGING,64
2026-06-26T10:20:16.000Z,EXCAVATOR-CAT320-05,3.6,SWINGING,77
2026-06-26T10:20:18.000Z,EXCAVATOR-CAT320-05,3.4,FORWARD,80
2026-06-26T10:20:20.000Z,EXCAVATOR-CAT320-05,3.1,FORWARD,75
2026-06-26T10:20:22.000Z,EXCAVATOR-CAT320-05,3.4,FORWARD,84
2026-06-26T10:20:24.000Z,EXCAVATOR-CAT320-05,3.6,SWINGING,73
2026-06-26T10:20:26.000Z,EXCAVATOR-CAT320-05,3.7,DIGGING,81
2026-06-26T10:20:28.000Z,EXCAVATOR-CAT320-05,3.5,FORWARD,89
2026-06-26T10:20:30.000Z,EXCAVATOR-CAT320-05,3.6,DIGGING,91
2026-06-26T10:20:32.000Z,EXCAVATOR-CAT320-05,3.8,SWINGING,89
2026-06-26T10:20:34.000Z,EXCAVATOR-CAT320-05,3.6,SWINGING,100
2026-06-26T10:20:36.000Z,EXCAVATOR-CAT320-05,3.6,DIGGING,106
2026-06-26T10:20:38.000Z,EXCAVATOR-CAT320-05,3.5,SWINGING,102
2026-06-26T10:20:40.000Z,EXCAVATOR-CAT320-05,3.2,FORWARD,115
2026-06-26T10:20:42.000Z,EXCAVATOR-CAT320-05,3.5,FORWARD,123
2026-06-26T10:20:44.000Z,EXCAVATOR-CAT320-05,3.4,SWINGING,136
2026-06-26T10:20:46.000Z,EXCAVATOR-CAT320-05,3.6,DIGGING,149
2026-06-26T10:20:48.000Z,EXCAVATOR-CAT320-05,3.5,FORWARD,154
2026-06-26T10:20:50.000Z,EXCAVATOR-CAT320-05,3.4,DIGGING,165
2026-06-26T10:20:52.000Z,EXCAVATOR-CAT320-05,3.1,FORWARD,160
2026-06-26T10:20:54.000Z,EXCAVATOR-CAT320-05,3.0,SWINGING,175
2026-06-26T10:20:56.000Z,EXCAVATOR-CAT320-05,2.8,SWINGING,169
2026-06-26T10:20:58.000Z,EXCAVATOR-CAT320-05,2.6,FORWARD,164
2026-06-26T10:21:00.000Z,EXCAVATOR-CAT320-05,2.9,DIGGING,168
2026-06-26T10:21:02.000Z,EXCAVATOR-CAT320-05,3.2,FORWARD,173
2026-06-26T10:21:04.000Z,EXCAVATOR-CAT320-05,3.0,SWINGING,160
2026-06-26T10:21:06.000Z,EXCAVATOR-CAT320-05,3.0,SWINGING,170
2026-06-26T10:21:08.000Z,EXCAVATOR-CAT320-05,3.3,SWINGING,159
2026-06-26T10:21:10.000Z,EXCAVATOR-CAT320-05,3.2,FORWARD,153
2026-06-26T10:21:12.000Z,EXCAVATOR-CAT320-05,3.2,DIGGING,138
2026-06-26T10:21:14.000Z,EXCAVATOR-CAT320-05,2.9,SWINGING,127
2026-06-26T10:21:16.000Z,EXCAVATOR-CAT320-05,3.0,SWINGING,132
2026-06-26T10:21:18.000Z,EXCAVATOR-CAT320-05,2.9,REVERSING,132
2026-06-26T10:21:20.000Z,EXCAVATOR-CAT320-05,3.0,REVERSING,132
2026-06-26T10:21:22.000Z,EXCAVATOR-CAT320-05,2.9,REVERSING,132
2026-06-26T10:21:24.000Z,EXCAVATOR-CAT320-05,2.8,REVERSING,132
2026-06-26T10:21:26.000Z,EXCAVATOR-CAT320-05,2.6,REVERSING,132
2026-06-26T10:21:28.000Z,EXCAVATOR-CAT320-05,2.7,REVERSING,132
2026-06-26T10:21:30.000Z,EXCAVATOR-CAT320-05,2.6,REVERSING,132
2026-06-26T10:21:32.000Z,EXCAVATOR-CAT320-05,2.6,REVERSING,132
2026-06-26T10:21:34.000Z,EXCAVATOR-CAT320-05,2.7,REVERSING,132
2026-06-26T10:21:36.000Z,EXCAVATOR-CAT320-05,2.8,REVERSING,132
2026-06-26T10:21:38.000Z,EXCAVATOR-CAT320-05,3.0,REVERSING,132
2026-06-26T10:21:40.000Z,EXCAVATOR-CAT320-05,3.0,REVERSING,132
2026-06-26T10:21:42.000Z,EXCAVATOR-CAT320-05,2.9,REVERSING,132
2026-06-26T10:21:44.000Z,EXCAVATOR-CAT320-05,2.8,REVERSING,132
2026-06-26T10:21:46.000Z,EXCAVATOR-CAT320-05,2.6,REVERSING,132
2026-06-26T10:21:48.000Z,EXCAVATOR-CAT320-05,2.7,REVERSING,132
2026-06-26T10:21:50.000Z,EXCAVATOR-CAT320-05,2.6,REVERSING,132
2026-06-26T10:21:52.000Z,EXCAVATOR-CAT320-05,2.6,REVERSING,132
2026-06-26T10:21:54.000Z,EXCAVATOR-CAT320-05,2.4,REVERSING,132
2026-06-26T10:21:56.000Z,EXCAVATOR-CAT320-05,2.3,REVERSING,132
2026-06-26T10:21:58.000Z,EXCAVATOR-CAT320-05,2.2,REVERSING,132
2026-06-26T10:22:00.000Z,EXCAVATOR-CAT320-05,2.1,REVERSING,132
2026-06-26T10:22:02.000Z,EXCAVATOR-CAT320-05,1.9,REVERSING,132
2026-06-26T10:22:04.000Z,EXCAVATOR-CAT320-05,1.9,REVERSING,132
2026-06-26T10:22:06.000Z,EXCAVATOR-CAT320-05,1.9,REVERSING,132
2026-06-26T10:22:08.000Z,EXCAVATOR-CAT320-05,1.8,REVERSING,132
2026-06-26T10:22:10.000Z,EXCAVATOR-CAT320-05,1.7,REVERSING,132
2026-06-26T10:22:12.000Z,EXCAVATOR-CAT320-05,1.5,REVERSING,132
2026-06-26T10:22:14.000Z,EXCAVATOR-CAT320-05,1.5,REVERSING,132
2026-06-26T10:22:16.000Z,EXCAVATOR-CAT320-05,1.6,REVERSING,132
2026-06-26T10:22:18.000Z,EXCAVATOR-CAT320-05,1.5,REVERSING,132
2026-06-26T10:22:20.000Z,EXCAVATOR-CAT320-05,1.6,REVERSING,132
2026-06-26T10:22:22.000Z,EXCAVATOR-CAT320-05,1.7,REVERSING,132
2026-06-26T10:22:24.000Z,EXCAVATOR-CAT320-05,1.5,REVERSING,132
2026-06-26T10:22:26.000Z,EXCAVATOR-CAT320-05,1.5,REVERSING,132
2026-06-26T10:22:28.000Z,EXCAVATOR-CAT320-05,1.6,REVERSING,132
2026-06-26T10:22:30.000Z,EXCAVATOR-CAT320-05,1.7,REVERSING,132
2026-06-26T10:22:32.000Z,EXCAVATOR-CAT320-05,1.8,REVERSING,132
2026-06-26T10:22:34.000Z,EXCAVATOR-CAT320-05,1.9,REVERSING,132
2026-06-26T10:22:36.000Z,EXCAVATOR-CAT320-05,2.1,REVERSING,132
2026-06-26T10:22:38.000Z,EXCAVATOR-CAT320-05,1.9,REVERSING,132
2026-06-26T10:22:40.000Z,EXCAVATOR-CAT320-05,1.7,REVERSING,132
2026-06-26T10:22:42.000Z,EXCAVATOR-CAT320-05,1.8,REVERSING,132
2026-06-26T10:22:44.000Z,EXCAVATOR-CAT320-05,1.7,REVERSING,132
2026-06-26T10:22:46.000Z,EXCAVATOR-CAT320-05,1.7,REVERSING,132
2026-06-26T10:22:48.000Z,EXCAVATOR-CAT320-05,1.5,REVERSING,132
2026-06-26T10:22:50.000Z,EXCAVATOR-CAT320-05,1.6,REVERSING,132
2026-06-26T10:22:52.000Z,EXCAVATOR-CAT320-05,1.5,REVERSING,132
2026-06-26T10:22:54.000Z,EXCAVATOR-CAT320-05,2.5,FORWARD,124
2026-06-26T10:22:56.000Z,EXCAVATOR-CAT320-05,2.5,SWINGING,116
2026-06-26T10:22:58.000Z,EXCAVATOR-CAT320-05,2.5,DIGGING,115
2026-06-26T10:23:00.000Z,EXCAVATOR-CAT320-05,2.5,SWINGING,103
2026-06-26T10:23:02.000Z,EXCAVATOR-CAT320-05,2.5,FORWARD,113
2026-06-26T10:23:04.000Z,EXCAVATOR-CAT320-05,2.6,DIGGING,98
2026-06-26T10:23:06.000Z,EXCAVATOR-CAT320-05,2.5,SWINGING,88
2026-06-26T10:23:08.000Z,EXCAVATOR-CAT320-05,2.5,FORWARD,75
2026-06-26T10:23:10.000Z,EXCAVATOR-CAT320-05,2.7,FORWARD,86
2026-06-26T10:23:12.000Z,EXCAVATOR-CAT320-05,2.9,SWINGING,81
2026-06-26T10:23:14.000Z,EXCAVATOR-CAT320-05,3.2,SWINGING,90
2026-06-26T10:23:16.000Z,EXCAVATOR-CAT320-05,3.0,DIGGING,104
2026-06-26T10:23:18.000Z,EXCAVATOR-CAT320-05,3.0,DIGGING,101
2026-06-26T10:23:20.000Z,EXCAVATOR-CAT320-05,2.7,SWINGING,102
2026-06-26T10:23:22.000Z,EXCAVATOR-CAT320-05,2.5,DIGGING,109
2026-06-26T10:23:24.000Z,EXCAVATOR-CAT320-05,2.5,SWINGING,112
2026-06-26T10:23:26.000Z,EXCAVATOR-CAT320-05,2.5,DIGGING,107
2026-06-26T10:23:28.000Z,EXCAVATOR-CAT320-05,2.5,FORWARD,111
2026-06-26T10:23:30.000Z,EXCAVATOR-CAT320-05,2.5,FORWARD,111
2026-06-26T10:23:32.000Z,EXCAVATOR-CAT320-05,2.5,SWINGING,120
2026-06-26T10:23:34.000Z,EXCAVATOR-CAT320-05,2.6,DIGGING,122
2026-06-26T10:23:36.000Z,EXCAVATOR-CAT320-05,2.9,FORWARD,119
2026-06-26T10:23:38.000Z,EXCAVATOR-CAT320-05,2.9,FORWARD,128
2026-06-26T10:23:40.000Z,EXCAVATOR-CAT320-05,2.6,FORWARD,136
2026-06-26T10:23:42.000Z,EXCAVATOR-CAT320-05,2.8,SWINGING,123
2026-06-26T10:23:44.000Z,EXCAVATOR-CAT320-05,2.7,FORWARD,130
2026-06-26T10:23:46.000Z,EXCAVATOR-CAT320-05,2.5,FORWARD,115
2026-06-26T10:23:48.000Z,EXCAVATOR-CAT320-05,2.5,FORWARD,111
2026-06-26T10:23:50.000Z,EXCAVATOR-CAT320-05,2.8,FORWARD,123
2026-06-26T10:23:52.000Z,EXCAVATOR-CAT320-05,2.6,DIGGING,110
2026-06-26T10:23:54.000Z,EXCAVATOR-CAT320-05,2.5,FORWARD,114
2026-06-26T10:23:56.000Z,EXCAVATOR-CAT320-05,2.5,SWINGING,120
2026-06-26T10:23:58.000Z,EXCAVATOR-CAT320-05,2.6,DIGGING,126
2026-06-26T10:24:00.000Z,EXCAVATOR-CAT320-05,2.5,SWINGING,114
2026-06-26T10:24:02.000Z,EXCAVATOR-CAT320-05,2.7,SWINGING,129
2026-06-26T10:24:04.000Z,EXCAVATOR-CAT320-05,3.0,DIGGING,137
2026-06-26T10:24:06.000Z,EXCAVATOR-CAT320-05,2.8,FORWARD,146
2026-06-26T10:24:08.000Z,EXCAVATOR-CAT320-05,2.9,DIGGING,132
2026-06-26T10:24:10.000Z,EXCAVATOR-CAT320-05,2.7,DIGGING,136
2026-06-26T10:24:12.000Z,EXCAVATOR-CAT320-05,2.9,DIGGING,123
2026-06-26T10:24:14.000Z,EXCAVATOR-CAT320-05,2.8,FORWARD,138
2026-06-26T10:24:16.000Z,EXCAVATOR-CAT320-05,2.7,FORWARD,151
2026-06-26T10:24:18.000Z,EXCAVATOR-CAT320-05,2.5,SWINGING,145
2026-06-26T10:24:20.000Z,EXCAVATOR-CAT320-05,2.5,DIGGING,135
2026-06-26T10:24:22.000Z,EXCAVATOR-CAT320-05,2.6,SWINGING,126
2026-06-26T10:24:24.000Z,EXCAVATOR-CAT320-05,2.7,FORWARD,122
2026-06-26T10:24:26.000Z,EXCAVATOR-CAT320-05,2.6,FORWARD,130
2026-06-26T10:24:28.000Z,EXCAVATOR-CAT320-05,2.7,DIGGING,118
2026-06-26T10:24:30.000Z,EXCAVATOR-CAT320-05,2.9,FORWARD,118
2026-06-26T10:24:32.000Z,EXCAVATOR-CAT320-05,3.0,FORWARD,118
2026-06-26T10:24:34.000Z,EXCAVATOR-CAT320-05,2.8,FORWARD,132
2026-06-26T10:24:36.000Z,EXCAVATOR-CAT320-05,2.9,DIGGING,134
2026-06-26T10:24:38.000Z,EXCAVATOR-CAT320-05,2.8,FORWARD,130
2026-06-26T10:24:40.000Z,EXCAVATOR-CAT320-05,2.8,DIGGING,125
2026-06-26T10:24:42.000Z,EXCAVATOR-CAT320-05,2.8,DIGGING,126
2026-06-26T10:24:44.000Z,EXCAVATOR-CAT320-05,2.9,SWINGING,114
2026-06-26T10:24:46.000Z,EXCAVATOR-CAT320-05,3.0,DIGGING,100
2026-06-26T10:24:48.000Z,EXCAVATOR-CAT320-05,3.3,SWINGING,115
2026-06-26T10:24:50.000Z,EXCAVATOR-CAT320-05,3.0,FORWARD,117
2026-06-26T10:24:52.000Z,EXCAVATOR-CAT320-05,3.1,FORWARD,113
2026-06-26T10:24:54.000Z,EXCAVATOR-CAT320-05,3.1,FORWARD,100
2026-06-26T10:24:56.000Z,EXCAVATOR-CAT320-05,3.4,SWINGING,98
2026-06-26T10:24:58.000Z,EXCAVATOR-CAT320-05,3.4,DIGGING,94
2026-06-26T10:25:00.000Z,EXCAVATOR-CAT320-05,3.6,DIGGING,82
2026-06-26T10:25:02.000Z,EXCAVATOR-CAT320-05,3.4,DIGGING,72
2026-06-26T10:25:04.000Z,EXCAVATOR-CAT320-05,3.4,DIGGING,81
2026-06-26T10:25:06.000Z,EXCAVATOR-CAT320-05,3.5,FORWARD,67
2026-06-26T10:25:08.000Z,EXCAVATOR-CAT320-05,3.6,SWINGING,63
2026-06-26T10:25:10.000Z,EXCAVATOR-CAT320-05,3.7,SWINGING,53
2026-06-26T10:25:12.000Z,EXCAVATOR-CAT320-05,3.4,SWINGING,48
2026-06-26T10:25:14.000Z,EXCAVATOR-CAT320-05,3.2,SWINGING,44
2026-06-26T10:25:16.000Z,EXCAVATOR-CAT320-05,3.1,SWINGING,51
2026-06-26T10:25:18.000Z,EXCAVATOR-CAT320-05,3.0,SWINGING,38
2026-06-26T10:25:20.000Z,EXCAVATOR-CAT320-05,2.9,FORWARD,42
2026-06-26T10:25:22.000Z,EXCAVATOR-CAT320-05,2.6,DIGGING,55
2026-06-26T10:25:24.000Z,EXCAVATOR-CAT320-05,2.6,SWINGING,64
2026-06-26T10:25:26.000Z,EXCAVATOR-CAT320-05,2.7,FORWARD,75
2026-06-26T10:25:28.000Z,EXCAVATOR-CAT320-05,2.8,DIGGING,64
2026-06-26T10:25:30.000Z,EXCAVATOR-CAT320-05,3.0,SWINGING,50
2026-06-26T10:25:32.000Z,EXCAVATOR-CAT320-05,3.2,DIGGING,58
2026-06-26T10:25:34.000Z,EXCAVATOR-CAT320-05,3.2,FORWARD,44
2026-06-26T10:25:36.000Z,EXCAVATOR-CAT320-05,3.4,DIGGING,37
2026-06-26T10:25:38.000Z,EXCAVATOR-CAT320-05,3.4,DIGGING,32
2026-06-26T10:25:40.000Z,EXCAVATOR-CAT320-05,3.1,FORWARD,44
2026-06-26T10:25:42.000Z,EXCAVATOR-CAT320-05,3.4,FORWARD,31
2026-06-26T10:25:44.000Z,EXCAVATOR-CAT320-05,3.6,FORWARD,31
2026-06-26T10:25:46.000Z,EXCAVATOR-CAT320-05,3.7,DIGGING,22
2026-06-26T10:25:48.000Z,EXCAVATOR-CAT320-05,3.7,SWINGING,31
2026-06-26T10:25:50.000Z,EXCAVATOR-CAT320-05,3.9,SWINGING,45
2026-06-26T10:25:52.000Z,EXCAVATOR-CAT320-05,3.6,FORWARD,50
2026-06-26T10:25:54.000Z,EXCAVATOR-CAT320-05,3.3,FORWARD,50
2026-06-26T10:25:56.000Z,EXCAVATOR-CAT320-05,3.0,FORWARD,64
2026-06-26T10:25:58.000Z,EXCAVATOR-CAT320-05,3.0,FORWARD,74
2026-06-26T10:26:00.000Z,EXCAVATOR-CAT320-05,3.0,DIGGING,73
2026-06-26T10:26:02.000Z,EXCAVATOR-CAT320-05,3.3,DIGGING,84
2026-06-26T10:26:04.000Z,EXCAVATOR-CAT320-05,3.6,DIGGING,75
2026-06-26T10:26:06.000Z,EXCAVATOR-CAT320-05,3.5,DIGGING,83
2026-06-26T10:26:08.000Z,EXCAVATOR-CAT320-05,3.6,FORWARD,77
2026-06-26T10:26:10.000Z,EXCAVATOR-CAT320-05,3.9,SWINGING,88
2026-06-26T10:26:12.000Z,EXCAVATOR-CAT320-05,3.9,SWINGING,84
2026-06-26T10:26:14.000Z,EXCAVATOR-CAT320-05,3.7,SWINGING,70
2026-06-26T10:26:16.000Z,EXCAVATOR-CAT320-05,3.9,DIGGING,55
2026-06-26T10:26:18.000Z,EXCAVATOR-CAT320-05,3.6,DIGGING,51
2026-06-26T10:26:20.000Z,EXCAVATOR-CAT320-05,3.8,SWINGING,56
2026-06-26T10:26:22.000Z,EXCAVATOR-CAT320-05,3.7,FORWARD,54
2026-06-26T10:26:24.000Z,EXCAVATOR-CAT320-05,3.8,DIGGING,60
2026-06-26T10:26:26.000Z,EXCAVATOR-CAT320-05,3.6,SWINGING,62
2026-06-26T10:26:28.000Z,EXCAVATOR-CAT320-05,3.7,DIGGING,75
2026-06-26T10:26:30.000Z,EXCAVATOR-CAT320-05,3.8,FORWARD,84
2026-06-26T10:26:32.000Z,EXCAVATOR-CAT320-05,3.7,FORWARD,94
2026-06-26T10:26:34.000Z,EXCAVATOR-CAT320-05,3.7,SWINGING,79
2026-06-26T10:26:36.000Z,EXCAVATOR-CAT320-05,4.0,SWINGING,68
2026-06-26T10:26:38.000Z,EXCAVATOR-CAT320-05,4.0,SWINGING,82
2026-06-26T10:26:40.000Z,EXCAVATOR-CAT320-05,3.9,DIGGING,86
2026-06-26T10:26:42.000Z,EXCAVATOR-CAT320-05,3.9,SWINGING,84
2026-06-26T10:26:44.000Z,EXCAVATOR-CAT320-05,4.1,DIGGING,70
2026-06-26T10:26:46.000Z,EXCAVATOR-CAT320-05,3.9,SWINGING,81
2026-06-26T10:26:48.000Z,EXCAVATOR-CAT320-05,3.6,FORWARD,75
2026-06-26T10:26:50.000Z,EXCAVATOR-CAT320-05,3.6,FORWARD,74
2026-06-26T10:26:52.000Z,EXCAVATOR-CAT320-05,3.8,DIGGING,80
2026-06-26T10:26:54.000Z,EXCAVATOR-CAT320-05,3.8,DIGGING,90
2026-06-26T10:26:56.000Z,EXCAVATOR-CAT320-05,3.7,DIGGING,85
2026-06-26T10:26:58.000Z,EXCAVATOR-CAT320-05,3.8,FORWARD,100
2026-06-26T10:27:00.000Z,EXCAVATOR-CAT320-05,3.9,DIGGING,110
2026-06-26T10:27:02.000Z,EXCAVATOR-CAT320-05,3.8,FORWARD,121
2026-06-26T10:27:04.000Z,EXCAVATOR-CAT320-05,3.9,DIGGING,136
2026-06-26T10:27:06.000Z,EXCAVATOR-CAT320-05,3.7,SWINGING,142
2026-06-26T10:27:08.000Z,EXCAVATOR-CAT320-05,3.5,DIGGING,140
2026-06-26T10:27:10.000Z,EXCAVATOR-CAT320-05,3.3,DIGGING,128
2026-06-26T10:27:12.000Z,EXCAVATOR-CAT320-05,3.4,FORWARD,122
2026-06-26T10:27:14.000Z,EXCAVATOR-CAT320-05,3.5,DIGGING,127
2026-06-26T10:27:16.000Z,EXCAVATOR-CAT320-05,3.5,SWINGING,133
2026-06-26T10:27:18.000Z,EXCAVATOR-CAT320-05,3.6,SWINGING,133
2026-06-26T10:27:20.000Z,EXCAVATOR-CAT320-05,3.4,REVERSING,133
2026-06-26T10:27:22.000Z,EXCAVATOR-CAT320-05,3.3,REVERSING,133
2026-06-26T10:27:24.000Z,EXCAVATOR-CAT320-05,3.2,REVERSING,133
2026-06-26T10:27:26.000Z,EXCAVATOR-CAT320-05,3.4,REVERSING,133
2026-06-26T10:27:28.000Z,EXCAVATOR-CAT320-05,3.2,REVERSING,133
2026-06-26T10:27:30.000Z,EXCAVATOR-CAT320-05,3.2,REVERSING,133
2026-06-26T10:27:32.000Z,EXCAVATOR-CAT320-05,3.1,REVERSING,133
2026-06-26T10:27:34.000Z,EXCAVATOR-CAT320-05,3.3,REVERSING,133
2026-06-26T10:27:36.000Z,EXCAVATOR-CAT320-05,3.2,REVERSING,133
2026-06-26T10:27:38.000Z,EXCAVATOR-CAT320-05,3.3,REVERSING,133
2026-06-26T10:27:40.000Z,EXCAVATOR-CAT320-05,3.4,REVERSING,133
2026-06-26T10:27:42.000Z,EXCAVATOR-CAT320-05,3.4,REVERSING,133
2026-06-26T10:27:44.000Z,EXCAVATOR-CAT320-05,3.4,REVERSING,133
2026-06-26T10:27:46.000Z,EXCAVATOR-CAT320-05,3.2,REVERSING,133
2026-06-26T10:27:48.000Z,EXCAVATOR-CAT320-05,3.1,REVERSING,133
2026-06-26T10:27:50.000Z,EXCAVATOR-CAT320-05,3.2,REVERSING,133
2026-06-26T10:27:52.000Z,EXCAVATOR-CAT320-05,3.0,REVERSING,133
2026-06-26T10:27:54.000Z,EXCAVATOR-CAT320-05,2.8,REVERSING,133
2026-06-26T10:27:56.000Z,EXCAVATOR-CAT320-05,2.6,REVERSING,133
2026-06-26T10:27:58.000Z,EXCAVATOR-CAT320-05,2.8,REVERSING,133
2026-06-26T10:28:00.000Z,EXCAVATOR-CAT320-05,2.6,REVERSING,133
2026-06-26T10:28:02.000Z,EXCAVATOR-CAT320-05,2.7,REVERSING,133
2026-06-26T10:28:04.000Z,EXCAVATOR-CAT320-05,2.7,REVERSING,133
2026-06-26T10:28:06.000Z,EXCAVATOR-CAT320-05,2.5,REVERSING,133
2026-06-26T10:28:08.000Z,EXCAVATOR-CAT320-05,2.4,REVERSING,133
2026-06-26T10:28:10.000Z,EXCAVATOR-CAT320-05,2.5,REVERSING,133
2026-06-26T10:28:12.000Z,EXCAVATOR-CAT320-05,2.5,REVERSING,133
2026-06-26T10:28:14.000Z,EXCAVATOR-CAT320-05,2.7,REVERSING,133
2026-06-26T10:28:16.000Z,EXCAVATOR-CAT320-05,2.7,REVERSING,133
2026-06-26T10:28:18.000Z,EXCAVATOR-CAT320-05,2.7,REVERSING,133
2026-06-26T10:28:20.000Z,EXCAVATOR-CAT320-05,2.6,REVERSING,133
2026-06-26T10:28:22.000Z,EXCAVATOR-CAT320-05,2.6,REVERSING,133
2026-06-26T10:28:24.000Z,EXCAVATOR-CAT320-05,2.6,REVERSING,133
2026-06-26T10:28:26.000Z,EXCAVATOR-CAT320-05,2.8,REVERSING,133
2026-06-26T10:28:28.000Z,EXCAVATOR-CAT320-05,2.8,REVERSING,133
2026-06-26T10:28:30.000Z,EXCAVATOR-CAT320-05,2.8,REVERSING,133
2026-06-26T10:28:32.000Z,EXCAVATOR-CAT320-05,2.8,REVERSING,133
2026-06-26T10:28:34.000Z,EXCAVATOR-CAT320-05,2.8,REVERSING,133
2026-06-26T10:28:36.000Z,EXCAVATOR-CAT320-05,2.9,REVERSING,133
2026-06-26T10:28:38.000Z,EXCAVATOR-CAT320-05,3.0,REVERSING,133
2026-06-26T10:28:40.000Z,EXCAVATOR-CAT320-05,2.9,REVERSING,133
2026-06-26T10:28:42.000Z,EXCAVATOR-CAT320-05,2.9,REVERSING,133
2026-06-26T10:28:44.000Z,EXCAVATOR-CAT320-05,2.9,REVERSING,133
2026-06-26T10:28:46.000Z,EXCAVATOR-CAT320-05,3.0,REVERSING,133
2026-06-26T10:28:48.000Z,EXCAVATOR-CAT320-05,2.9,REVERSING,133
2026-06-26T10:28:50.000Z,EXCAVATOR-CAT320-05,2.8,REVERSING,133
2026-06-26T10:28:52.000Z,EXCAVATOR-CAT320-05,2.9,REVERSING,133
2026-06-26T10:28:54.000Z,EXCAVATOR-CAT320-05,3.0,REVERSING,133
2026-06-26T10:28:56.000Z,EXCAVATOR-CAT320-05,2.9,REVERSING,133
2026-06-26T10:28:58.000Z,EXCAVATOR-CAT320-05,2.8,REVERSING,133
2026-06-26T10:29:00.000Z,EXCAVATOR-CAT320-05,2.9,REVERSING,133
2026-06-26T10:29:02.000Z,EXCAVATOR-CAT320-05,2.9,REVERSING,133
2026-06-26T10:29:04.000Z,EXCAVATOR-CAT320-05,3.0,REVERSING,133
2026-06-26T10:29:06.000Z,EXCAVATOR-CAT320-05,3.0,REVERSING,133
2026-06-26T10:29:08.000Z,EXCAVATOR-CAT320-05,3.0,REVERSING,133
2026-06-26T10:29:10.000Z,EXCAVATOR-CAT320-05,0.0,EMERGENCY_STOP,133
2026-06-26T10:29:12.000Z,EXCAVATOR-CAT320-05,0.0,EMERGENCY_STOP,133
2026-06-26T10:29:14.000Z,EXCAVATOR-CAT320-05,0.0,EMERGENCY_STOP,133
2026-06-26T10:29:16.000Z,EXCAVATOR-CAT320-05,0.0,EMERGENCY_STOP,133
2026-06-26T10:29:18.000Z,EXCAVATOR-CAT320-05,0.0,EMERGENCY_STOP,133
2026-06-26T10:29:20.000Z,EXCAVATOR-CAT320-05,0.0,EMERGENCY_STOP,133
2026-06-26T10:29:22.000Z,EXCAVATOR-CAT320-05,0.0,EMERGENCY_STOP,133
2026-06-26T10:29:24.000Z,EXCAVATOR-CAT320-05,0.0,EMERGENCY_STOP,133
2026-06-26T10:29:26.000Z,EXCAVATOR-CAT320-05,0.0,EMERGENCY_STOP,133
2026-06-26T10:29:28.000Z,EXCAVATOR-CAT320-05,0.4,FORWARD,133
2026-06-26T10:29:30.000Z,EXCAVATOR-CAT320-05,0.8,FORWARD,133
2026-06-26T10:29:32.000Z,EXCAVATOR-CAT320-05,1.2,FORWARD,133
2026-06-26T10:29:34.000Z,EXCAVATOR-CAT320-05,1.6,FORWARD,133
2026-06-26T10:29:36.000Z,EXCAVATOR-CAT320-05,2.0,FORWARD,133
2026-06-26T10:29:38.000Z,EXCAVATOR-CAT320-05,2.4,FORWARD,133
2026-06-26T10:29:40.000Z,EXCAVATOR-CAT320-05,2.8,FORWARD,133
2026-06-26T10:29:42.000Z,EXCAVATOR-CAT320-05,3.0,FORWARD,133
2026-06-26T10:29:44.000Z,EXCAVATOR-CAT320-05,3.1,DIGGING,129
2026-06-26T10:29:46.000Z,EXCAVATOR-CAT320-05,2.9,SWINGING,114
2026-06-26T10:29:48.000Z,EXCAVATOR-CAT320-05,3.1,SWINGING,127
2026-06-26T10:29:50.000Z,EXCAVATOR-CAT320-05,3.1,SWINGING,119
2026-06-26T10:29:52.000Z,EXCAVATOR-CAT320-05,3.2,FORWARD,113
2026-06-26T10:29:54.000Z,EXCAVATOR-CAT320-05,3.3,FORWARD,116
2026-06-26T10:29:56.000Z,EXCAVATOR-CAT320-05,3.1,SWINGING,116
2026-06-26T10:29:58.000Z,EXCAVATOR-CAT320-05,2.8,DIGGING,109
2026-06-26T10:30:00.000Z,EXCAVATOR-CAT320-05,3.0,SWINGING,111
2026-06-26T10:30:02.000Z,EXCAVATOR-CAT320-05,3.2,SWINGING,122
2026-06-26T10:30:04.000Z,EXCAVATOR-CAT320-05,3.1,DIGGING,128
2026-06-26T10:30:06.000Z,EXCAVATOR-CAT320-05,3.2,SWINGING,118
2026-06-26T10:30:08.000Z,EXCAVATOR-CAT320-05,3.3,SWINGING,128
2026-06-26T10:30:10.000Z,EXCAVATOR-CAT320-05,3.5,SWINGING,114
2026-06-26T10:30:12.000Z,EXCAVATOR-CAT320-05,3.5,DIGGING,105
2026-06-26T10:30:14.000Z,EXCAVATOR-CAT320-05,3.4,DIGGING,112
2026-06-26T10:30:16.000Z,EXCAVATOR-CAT320-05,3.2,DIGGING,120
2026-06-26T10:30:18.000Z,EXCAVATOR-CAT320-05,2.9,DIGGING,113
2026-06-26T10:30:20.000Z,EXCAVATOR-CAT320-05,3.0,SWINGING,123
2026-06-26T10:30:22.000Z,EXCAVATOR-CAT320-05,2.9,FORWARD,109
2026-06-26T10:30:24.000Z,EXCAVATOR-CAT320-05,3.1,FORWARD,102
2026-06-26T10:30:26.000Z,EXCAVATOR-CAT320-05,2.9,FORWARD,101
2026-06-26T10:30:28.000Z,EXCAVATOR-CAT320-05,3.1,DIGGING,109
2026-06-26T10:30:30.000Z,EXCAVATOR-CAT320-05,3.2,FORWARD,120
2026-06-26T10:30:32.000Z,EXCAVATOR-CAT320-05,3.0,SWINGING,113
2026-06-26T10:30:34.000Z,EXCAVATOR-CAT320-05,2.8,SWINGING,100
2026-06-26T10:30:36.000Z,EXCAVATOR-CAT320-05,2.6,DIGGING,94
2026-06-26T10:30:38.000Z,EXCAVATOR-CAT320-05,2.6,SWINGING,100
2026-06-26T10:30:40.000Z,EXCAVATOR-CAT320-05,2.7,SWINGING,88
2026-06-26T10:30:42.000Z,EXCAVATOR-CAT320-05,2.7,DIGGING,76
2026-06-26T10:30:44.000Z,EXCAVATOR-CAT320-05,2.7,DIGGING,80
2026-06-26T10:30:46.000Z,EXCAVATOR-CAT320-05,2.9,FORWARD,77
2026-06-26T10:30:48.000Z,EXCAVATOR-CAT320-05,2.7,DIGGING,91
2026-06-26T10:30:50.000Z,EXCAVATOR-CAT320-05,2.5,FORWARD,95
2026-06-26T10:30:52.000Z,EXCAVATOR-CAT320-05,2.5,FORWARD,104
2026-06-26T10:30:54.000Z,EXCAVATOR-CAT320-05,2.6,SWINGING,116
2026-06-26T10:30:56.000Z,EXCAVATOR-CAT320-05,2.7,REVERSING,116
2026-06-26T10:30:58.000Z,EXCAVATOR-CAT320-05,2.6,REVERSING,116
2026-06-26T10:31:00.000Z,EXCAVATOR-CAT320-05,2.7,REVERSING,116
2026-06-26T10:31:02.000Z,EXCAVATOR-CAT320-05,2.6,REVERSING,116
2026-06-26T10:31:04.000Z,EXCAVATOR-CAT320-05,2.5,REVERSING,116
2026-06-26T10:31:06.000Z,EXCAVATOR-CAT320-05,2.7,REVERSING,116
2026-06-26T10:31:08.000Z,EXCAVATOR-CAT320-05,2.7,REVERSING,116
2026-06-26T10:31:10.000Z,EXCAVATOR-CAT320-05,2.7,REVERSING,116
2026-06-26T10:31:12.000Z,EXCAVATOR-CAT320-05,2.6,REVERSING,116
2026-06-26T10:31:14.000Z,EXCAVATOR-CAT320-05,2.5,REVERSING,116
2026-06-26T10:31:16.000Z,EXCAVATOR-CAT320-05,2.4,REVERSING,116
2026-06-26T10:31:18.000Z,EXCAVATOR-CAT320-05,2.4,REVERSING,116
2026-06-26T10:31:20.000Z,EXCAVATOR-CAT320-05,2.6,REVERSING,116
2026-06-26T10:31:22.000Z,EXCAVATOR-CAT320-05,2.8,REVERSING,116
2026-06-26T10:31:24.000Z,EXCAVATOR-CAT320-05,2.7,REVERSING,116
2026-06-26T10:31:26.000Z,EXCAVATOR-CAT320-05,2.5,REVERSING,116
2026-06-26T10:31:28.000Z,EXCAVATOR-CAT320-05,2.6,REVERSING,116
2026-06-26T10:31:30.000Z,EXCAVATOR-CAT320-05,2.6,REVERSING,116
2026-06-26T10:31:32.000Z,EXCAVATOR-CAT320-05,2.7,REVERSING,116
2026-06-26T10:31:34.000Z,EXCAVATOR-CAT320-05,2.8,REVERSING,116
2026-06-26T10:31:36.000Z,EXCAVATOR-CAT320-05,2.8,REVERSING,116
2026-06-26T10:31:38.000Z,EXCAVATOR-CAT320-05,3.0,REVERSING,116
2026-06-26T10:31:40.000Z,EXCAVATOR-CAT320-05,3.0,REVERSING,116
2026-06-26T10:31:42.000Z,EXCAVATOR-CAT320-05,3.0,REVERSING,116
2026-06-26T10:31:44.000Z,EXCAVATOR-CAT320-05,2.9,REVERSING,116
2026-06-26T10:31:46.000Z,EXCAVATOR-CAT320-05,3.0,REVERSING,116
2026-06-26T10:31:48.000Z,EXCAVATOR-CAT320-05,2.9,REVERSING,116
2026-06-26T10:31:50.000Z,EXCAVATOR-CAT320-05,3.0,REVERSING,116
2026-06-26T10:31:52.000Z,EXCAVATOR-CAT320-05,3.0,REVERSING,116
2026-06-26T10:31:54.000Z,EXCAVATOR-CAT320-05,2.8,REVERSING,116
2026-06-26T10:31:56.000Z,EXCAVATOR-CAT320-05,2.8,REVERSING,116
2026-06-26T10:31:58.000Z,EXCAVATOR-CAT320-05,2.7,REVERSING,116
2026-06-26T10:32:00.000Z,EXCAVATOR-CAT320-05,2.7,REVERSING,116
2026-06-26T10:32:02.000Z,EXCAVATOR-CAT320-05,2.5,REVERSING,116
2026-06-26T10:32:04.000Z,EXCAVATOR-CAT320-05,2.4,REVERSING,116
2026-06-26T10:32:06.000Z,EXCAVATOR-CAT320-05,2.3,REVERSING,116
2026-06-26T10:32:08.000Z,EXCAVATOR-CAT320-05,2.1,REVERSING,116
2026-06-26T10:32:10.000Z,EXCAVATOR-CAT320-05,2.1,REVERSING,116
2026-06-26T10:32:12.000Z,EXCAVATOR-CAT320-05,2.1,REVERSING,116
2026-06-26T10:32:14.000Z,EXCAVATOR-CAT320-05,2.2,REVERSING,116
2026-06-26T10:32:16.000Z,EXCAVATOR-CAT320-05,2.2,REVERSING,116
2026-06-26T10:32:18.000Z,EXCAVATOR-CAT320-05,2.3,REVERSING,116
2026-06-26T10:32:20.000Z,EXCAVATOR-CAT320-05,2.4,REVERSING,116
2026-06-26T10:32:22.000Z,EXCAVATOR-CAT320-05,2.4,REVERSING,116
2026-06-26T10:32:24.000Z,EXCAVATOR-CAT320-05,2.3,REVERSING,116
2026-06-26T10:32:26.000Z,EXCAVATOR-CAT320-05,2.4,REVERSING,116
2026-06-26T10:32:28.000Z,EXCAVATOR-CAT320-05,2.4,REVERSING,116
2026-06-26T10:32:30.000Z,EXCAVATOR-CAT320-05,2.3,REVERSING,116
2026-06-26T10:32:32.000Z,EXCAVATOR-CAT320-05,2.4,REVERSING,116
2026-06-26T10:32:34.000Z,EXCAVATOR-CAT320-05,2.4,REVERSING,116
2026-06-26T10:32:36.000Z,EXCAVATOR-CAT320-05,2.4,REVERSING,116
2026-06-26T10:32:38.000Z,EXCAVATOR-CAT320-05,2.3,REVERSING,116
2026-06-26T10:32:40.000Z,EXCAVATOR-CAT320-05,2.3,REVERSING,116
2026-06-26T10:32:42.000Z,EXCAVATOR-CAT320-05,2.4,REVERSING,116
2026-06-26T10:32:44.000Z,EXCAVATOR-CAT320-05,2.4,REVERSING,116
2026-06-26T10:32:46.000Z,EXCAVATOR-CAT320-05,2.4,REVERSING,116
2026-06-26T10:32:48.000Z,EXCAVATOR-CAT320-05,2.5,REVERSING,116
2026-06-26T10:32:50.000Z,EXCAVATOR-CAT320-05,2.5,REVERSING,116
2026-06-26T10:32:52.000Z,EXCAVATOR-CAT320-05,2.5,REVERSING,116
2026-06-26T10:32:54.000Z,EXCAVATOR-CAT320-05,2.5,REVERSING,116
2026-06-26T10:32:56.000Z,EXCAVATOR-CAT320-05,0.0,EMERGENCY_STOP,116
2026-06-26T10:32:58.000Z,EXCAVATOR-CAT320-05,0.0,EMERGENCY_STOP,116
2026-06-26T10:33:00.000Z,EXCAVATOR-CAT320-05,0.0,EMERGENCY_STOP,116
2026-06-26T10:33:02.000Z,EXCAVATOR-CAT320-05,0.0,EMERGENCY_STOP,116
2026-06-26T10:33:04.000Z,EXCAVATOR-CAT320-05,0.0,EMERGENCY_STOP,116
2026-06-26T10:33:06.000Z,EXCAVATOR-CAT320-05,0.0,EMERGENCY_STOP,116
2026-06-26T10:33:08.000Z,EXCAVATOR-CAT320-05,0.0,EMERGENCY_STOP,116
2026-06-26T10:33:10.000Z,EXCAVATOR-CAT320-05,0.0,EMERGENCY_STOP,116
2026-06-26T10:33:12.000Z,EXCAVATOR-CAT320-05,0.0,EMERGENCY_STOP,116
2026-06-26T10:33:14.000Z,EXCAVATOR-CAT320-05,0.0,EMERGENCY_STOP,116
2026-06-26T10:33:16.000Z,EXCAVATOR-CAT320-05,0.0,EMERGENCY_STOP,116
2026-06-26T10:33:18.000Z,EXCAVATOR-CAT320-05,0.4,FORWARD,116
2026-06-26T10:33:20.000Z,EXCAVATOR-CAT320-05,0.8,FORWARD,116
